,val,start,end
0,62.115,1987-02-12 14:00:00,1987-02-25 14:00:00
0,63.143214285714286,1987-01-16 11:00:00,1987-02-11 11:00:00
0,63.143214285714286,1987-03-06 14:00:00,1987-08-25 14:00:00
0,63.93,1987-04-24 12:00:00,1987-08-25 12:00:00
0,64.8,1987-05-14 11:00:00,1987-08-25 11:00:00
0,65.46555555555557,1987-06-09 12:00:00,1987-06-24 12:00:00
0,66.328,1987-06-30 16:00:00,1987-08-20 16:00:00
0,67.15666666666668,1987-07-10 12:00:00,1987-08-16 12:00:00
0,62.93333333333333,1987-12-17 11:00:00,1988-03-22 11:00:00
0,63.58272727272727,1987-12-28 11:00:00,1988-03-02 11:00:00
0,63.58272727272727,1988-03-10 14:00:00,1988-03-22 14:00:00
0,64.34526315789473,1987-12-29 15:00:00,1988-01-11 15:00:00
0,64.34526315789473,1988-01-15 14:00:00,1988-02-24 14:00:00
0,65.27176470588235,1987-09-08 11:00:00,1987-12-13 11:00:00
0,65.27176470588235,1988-01-05 12:00:00,1988-01-08 12:00:00
0,66.04523809523808,1987-08-27 12:00:00,1987-09-07 12:00:00
0,66.04523809523808,1987-09-09 13:00:00,1987-11-16 13:00:00
0,66.72615384615384,1987-10-08 15:00:00,1987-11-03 15:00:00
0,60.295,1988-10-03 11:00:00,1988-10-19 11:00:00
0,61.349999999999994,1988-09-07 15:00:00,1988-09-29 15:00:00
0,62.26625,1988-07-01 15:00:00,1988-09-05 15:00:00
0,63.16428571428571,1988-07-20 10:00:00,1988-08-03 10:00:00
0,63.16428571428571,1988-08-10 11:00:00,1988-08-25 11:00:00
0,65.07666666666665,1988-04-08 15:00:00,1988-06-10 15:00:00
0,65.80454545454546,1988-04-13 11:00:00,1988-05-01 11:00:00
0,61.11875,1988-10-24 16:00:00,1989-05-18 16:00:00
0,63.248333333333335,1988-11-29 15:00:00,1989-05-18 15:00:00
0,64.066,1988-12-13 15:00:00,1989-05-18 15:00:00
0,65.025,1988-12-21 16:00:00,1989-05-18 16:00:00
0,66.24749999999999,1989-01-06 16:00:00,1989-05-18 16:00:00
0,67.80142857142859,1989-02-28 12:00:00,1989-05-18 12:00:00
0,70.128,1989-03-23 12:00:00,1989-04-06 12:00:00
0,70.128,1989-04-12 11:00:00,1989-05-18 11:00:00
0,71.80833333333332,1989-04-19 14:00:00,1989-04-27 14:00:00
0,71.88846153846154,1989-05-25 10:00:00,1989-06-13 10:00:00
0,71.88846153846154,1989-06-16 14:00:00,1989-12-12 14:00:00
0,72.73764705882353,1989-06-21 15:00:00,1989-07-26 15:00:00
0,72.73764705882353,1989-08-15 13:00:00,1989-12-12 13:00:00
0,73.50933333333333,1989-06-27 10:00:00,1989-07-24 10:00:00
0,73.50933333333333,1989-09-01 11:00:00,1989-12-13 11:00:00
0,74.4175,1989-09-12 11:00:00,1989-09-24 11:00:00
0,74.4175,1989-09-26 11:00:00,1989-12-13 11:00:00
0,75.09153846153846,1989-10-10 13:00:00,1989-10-23 13:00:00
0,71.33428571428571,1990-06-19 12:00:00,1990-07-11 12:00:00
0,71.87166666666667,1990-06-05 13:00:00,1990-06-18 13:00:00
0,72.9225,1990-04-11 11:00:00,1990-06-04 11:00:00
0,73.91142857142859,1990-04-27 10:00:00,1990-05-23 10:00:00
0,74.576,1990-05-11 12:00:00,1990-05-21 12:00:00
0,75.768,1989-12-13 15:00:00,1990-04-08 15:00:00
0,76.5225,1989-12-19 11:00:00,1990-03-19 11:00:00
0,76.5225,1990-03-22 10:00:00,1990-04-04 10:00:00
0,77.59818181818183,1990-01-15 11:00:00,1990-03-09 11:00:00
0,78.26249999999999,1990-01-25 14:00:00,1990-02-23 14:00:00
0,73.518,1990-07-13 15:00:00,1991-02-06 15:00:00
0,74.28666666666668,1990-07-23 15:00:00,1991-02-06 15:00:00
0,79.593,1991-01-24 11:00:00,1991-02-07 11:00:00
0,85.5342857142857,1990-09-13 13:00:00,1990-12-05 13:00:00
0,89.4057142857143,1990-10-25 14:00:00,1990-11-05 14:00:00
0,79.55833333333334,1991-03-01 11:00:00,1991-09-04 11:00:00
0,80.37333333333332,1991-03-20 10:00:00,1991-09-04 10:00:00
0,81.16882352941177,1991-04-09 10:00:00,1991-09-04 10:00:00
0,82.15550000000002,1991-04-11 16:00:00,1991-06-05 16:00:00
0,82.15550000000002,1991-07-01 10:00:00,1991-09-04 10:00:00
0,82.75043478260869,1991-05-01 16:00:00,1991-05-12 16:00:00
0,82.75043478260869,1991-07-12 16:00:00,1991-07-23 16:00:00
0,82.75043478260869,1991-07-30 11:00:00,1991-09-04 11:00:00
0,80.12666666666667,1991-12-20 13:00:00,1992-03-29 13:00:00
0,80.83761904761904,1991-12-10 12:00:00,1991-12-20 12:00:00
0,80.83761904761904,1992-01-15 15:00:00,1992-01-20 15:00:00
0,80.83761904761904,1992-01-27 13:00:00,1992-02-17 13:00:00
0,80.83761904761904,1992-03-17 10:00:00,1992-03-30 10:00:00
0,82.68857142857144,1991-09-11 13:00:00,1991-12-06 13:00:00
0,83.34428571428573,1991-09-12 11:00:00,1991-11-26 11:00:00
0,84.11571428571429,1991-10-02 15:00:00,1991-11-19 15:00:00
0,85.01,1991-10-16 14:00:00,1991-11-10 14:00:00
0,81.53833333333336,1992-04-02 14:00:00,1992-10-21 14:00:00
0,82.3055,1992-05-01 12:00:00,1992-05-14 12:00:00
0,82.3055,1992-07-07 15:00:00,1992-10-21 15:00:00
0,83.19933333333334,1992-05-27 11:00:00,1992-07-06 11:00:00
0,83.19933333333334,1992-07-23 13:00:00,1992-08-03 13:00:00
0,83.19933333333334,1992-09-02 10:00:00,1992-10-21 10:00:00
0,80.10526315789475,1992-12-07 10:00:00,1993-05-25 10:00:00
0,80.99257142857142,1992-12-14 14:00:00,1993-01-04 14:00:00
0,80.99257142857142,1993-01-27 13:00:00,1993-05-14 13:00:00
0,81.53457142857144,1992-10-30 14:00:00,1992-11-30 14:00:00
0,81.53457142857144,1993-02-23 13:00:00,1993-03-10 13:00:00
0,81.53457142857144,1993-03-26 11:00:00,1993-04-08 11:00:00
0,73.34222222222222,1993-12-03 12:00:00,1993-12-17 12:00:00
0,74.0975,1993-11-29 11:00:00,1993-12-02 11:00:00
0,75.81666666666668,1993-09-10 11:00:00,1993-11-24 11:00:00
0,76.70545454545454,1993-09-10 16:00:00,1993-10-28 16:00:00
0,77.721,1993-07-08 14:00:00,1993-07-18 14:00:00
0,77.721,1993-07-20 14:00:00,1993-09-06 14:00:00
0,77.721,1993-10-01 11:00:00,1993-10-22 11:00:00
0,79.21272727272728,1993-06-11 12:00:00,1993-06-30 12:00:00
0,80.35857142857142,1993-05-26 14:00:00,1993-06-10 14:00:00
0,72.48291666666667,1993-12-21 15:00:00,1994-03-28 15:00:00
0,73.19300000000001,1994-01-04 11:00:00,1994-02-09 11:00:00
0,74.01166666666667,1994-04-12 16:00:00,1994-07-24 16:00:00
0,75.93,1994-05-09 10:00:00,1994-07-25 10:00:00
0,76.66,1994-05-31 12:00:00,1994-06-06 12:00:00
0,78.46222222222221,1994-06-16 13:00:00,1994-07-25 13:00:00
0,79.25142857142858,1994-07-13 16:00:00,1994-07-24 16:00:00
0,76.84222222222223,1994-08-22 13:00:00,1994-12-06 13:00:00
0,76.84222222222223,1994-12-07 11:00:00,1995-02-16 11:00:00
0,77.48935483870967,1994-08-25 12:00:00,1994-09-13 12:00:00
0,77.48935483870967,1994-09-23 11:00:00,1994-10-12 11:00:00
0,77.48935483870967,1994-10-20 10:00:00,1994-12-02 10:00:00
0,77.48935483870967,1995-01-12 13:00:00,1995-02-16 13:00:00
0,78.11200000000001,1995-01-31 13:00:00,1995-02-16 13:00:00
0,79.94,1994-07-28 15:00:00,1994-08-04 15:00:00
0,77.6765,1995-03-10 10:00:00,1995-09-25 10:00:00
0,78.49675675675675,1995-02-23 16:00:00,1995-03-08 16:00:00
0,78.49675675675675,1995-03-20 14:00:00,1995-06-20 14:00:00
0,78.49675675675675,1995-08-02 10:00:00,1995-08-16 10:00:00
0,78.49675675675675,1995-08-18 10:00:00,1995-09-25 10:00:00
0,79.29999999999998,1995-04-04 14:00:00,1995-05-30 14:00:00
0,79.29999999999998,1995-06-01 12:00:00,1995-06-18 12:00:00
0,79.29999999999998,1995-09-07 15:00:00,1995-09-20 15:00:00
0,80.03818181818183,1995-04-18 10:00:00,1995-05-09 10:00:00
0,78.52357142857144,1995-09-29 11:00:00,1996-04-23 11:00:00
0,79.21,1995-10-27 10:00:00,1996-04-23 10:00:00
0,80.09565217391304,1995-11-28 12:00:00,1996-01-29 12:00:00
0,80.09565217391304,1996-02-01 15:00:00,1996-04-22 15:00:00
0,81.19875,1995-12-20 10:00:00,1996-01-11 10:00:00
0,82.00874999999999,1996-02-21 11:00:00,1996-04-23 11:00:00
0,85.09,1996-03-25 12:00:00,1996-04-23 12:00:00
0,87.00999999999999,1996-04-09 15:00:00,1996-04-17 15:00:00
0,87.13066666666666,1996-05-01 11:00:00,1996-05-16 11:00:00
0,87.13066666666666,1996-06-07 11:00:00,1996-11-14 11:00:00
0,88.01200000000001,1996-04-25 10:00:00,1996-04-30 10:00:00
0,88.01200000000001,1996-05-22 10:00:00,1996-05-30 10:00:00
0,88.01200000000001,1996-06-18 16:00:00,1996-11-13 16:00:00
0,89.17999999999999,1996-07-02 15:00:00,1996-07-28 15:00:00
0,89.17999999999999,1996-07-29 15:00:00,1996-11-13 15:00:00
0,89.745,1996-07-11 14:00:00,1996-07-19 14:00:00
0,90.915,1996-08-13 11:00:00,1996-11-14 11:00:00
0,92.72363636363637,1996-09-03 13:00:00,1996-11-13 13:00:00
0,93.5342857142857,1996-09-25 12:00:00,1996-11-05 12:00:00
0,94.31285714285715,1996-10-01 16:00:00,1996-10-30 16:00:00
0,95.09700000000001,1996-10-15 12:00:00,1996-10-28 12:00:00
0,90.54416666666667,1997-04-04 14:00:00,1997-06-17 14:00:00
0,91.25733333333334,1997-03-11 16:00:00,1997-04-03 16:00:00
0,91.25733333333334,1997-04-18 14:00:00,1997-06-06 14:00:00
0,92.17117647058824,1997-02-24 16:00:00,1997-03-02 16:00:00
0,92.17117647058824,1997-03-04 12:00:00,1997-04-02 12:00:00
0,92.17117647058824,1997-05-09 15:00:00,1997-06-04 15:00:00
0,93.055,1997-02-10 13:00:00,1997-02-24 13:00:00
0,93.055,1997-03-20 11:00:00,1997-03-25 11:00:00
0,93.055,1997-05-16 11:00:00,1997-05-27 11:00:00
0,93.88888888888889,1996-11-18 15:00:00,1997-02-09 15:00:00
0,95.62470588235294,1996-12-05 13:00:00,1996-12-09 13:00:00
0,95.62470588235294,1996-12-18 12:00:00,1997-01-26 12:00:00
0,96.612,1996-12-30 16:00:00,1997-01-13 16:00:00
0,87.116,1998-01-05 15:00:00,1998-01-14 15:00:00
0,88.57444444444444,1997-12-10 15:00:00,1998-01-01 15:00:00
0,89.23666666666668,1997-12-01 11:00:00,1997-12-15 11:00:00
0,90.38000000000001,1997-06-19 14:00:00,1997-11-30 14:00:00
0,91.00178571428572,1997-06-30 13:00:00,1997-07-13 13:00:00
0,91.00178571428572,1997-07-22 16:00:00,1997-08-24 16:00:00
0,91.00178571428572,1997-09-22 15:00:00,1997-11-19 15:00:00
0,91.755,1997-09-29 13:00:00,1997-10-27 13:00:00
0,92.8325,1997-10-06 16:00:00,1997-10-12 16:00:00
0,80.88526315789474,1998-06-16 13:00:00,1998-08-10 13:00:00
0,81.64375,1998-06-29 11:00:00,1998-07-06 11:00:00
0,83.19749999999999,1998-03-17 14:00:00,1998-06-09 14:00:00
0,84.24857142857142,1998-03-09 15:00:00,1998-03-15 15:00:00
0,84.24857142857142,1998-03-20 11:00:00,1998-05-18 11:00:00
0,85.01260869565218,1998-02-26 15:00:00,1998-03-08 15:00:00
0,85.01260869565218,1998-04-01 15:00:00,1998-04-22 15:00:00
0,85.01260869565218,1998-05-04 13:00:00,1998-05-08 13:00:00
0,85.75333333333333,1998-01-23 15:00:00,1998-02-26 15:00:00
0,86.51777777777778,1998-01-15 15:00:00,1998-01-23 15:00:00
0,86.51777777777778,1998-02-04 15:00:00,1998-02-16 15:00:00
0,76.89777777777778,1998-11-30 14:00:00,1999-03-09 14:00:00
0,77.56,1999-01-05 15:00:00,1999-02-07 15:00:00
0,77.56,1999-02-22 10:00:00,1999-03-09 10:00:00
0,78.50777777777778,1998-11-18 13:00:00,1998-11-25 13:00:00
0,78.50777777777778,1999-01-07 13:00:00,1999-01-13 13:00:00
0,79.61857142857141,1998-08-12 15:00:00,1998-11-17 15:00:00
0,80.1905,1998-08-14 10:00:00,1998-08-27 10:00:00
0,80.1905,1998-08-31 12:00:00,1998-10-19 12:00:00
0,80.1905,1998-10-23 15:00:00,1998-11-09 15:00:00
0,80.97375,1998-09-04 11:00:00,1998-10-09 11:00:00
0,81.98818181818181,1998-09-21 14:00:00,1998-10-07 14:00:00
0,80.01166666666666,1999-03-15 10:00:00,1999-10-04 10:00:00
0,81.8,1999-03-30 11:00:00,1999-04-07 11:00:00
0,82.73375,1999-04-19 15:00:00,1999-05-31 15:00:00
0,83.47999999999999,1999-04-29 11:00:00,1999-05-18 11:00:00
0,83.47999999999999,1999-06-08 10:00:00,1999-10-04 10:00:00
0,84.07142857142857,1999-05-03 15:00:00,1999-05-04 15:00:00
0,85.51555555555555,1999-07-06 12:00:00,1999-10-03 12:00:00
0,86.146,1999-07-28 15:00:00,1999-08-03 15:00:00
0,86.146,1999-08-04 14:00:00,1999-10-03 14:00:00
0,87.17999999999999,1999-08-10 12:00:00,1999-08-24 12:00:00
0,89.576,1999-09-15 10:00:00,1999-10-04 10:00:00
0,90.286,1999-09-23 13:00:00,1999-09-28 13:00:00
0,88.51888888888888,1999-10-21 15:00:00,1999-10-27 15:00:00
0,90.11500000000001,1999-11-11 10:00:00,2000-05-03 10:00:00
0,91.18555555555557,1999-11-16 14:00:00,1999-11-30 14:00:00
0,91.18555555555557,1999-12-08 11:00:00,2000-01-07 11:00:00
0,92.09545454545453,1999-12-15 13:00:00,2000-01-03 13:00:00
0,92.98333333333332,2000-04-13 16:00:00,2000-05-03 16:00:00
0,94.71545454545453,2000-02-02 15:00:00,2000-02-21 15:00:00
0,95.54125,2000-02-28 11:00:00,2000-03-28 11:00:00
0,96.4825,2000-02-28 16:00:00,2000-03-19 16:00:00
0,97.36571428571428,2000-03-02 12:00:00,2000-03-09 12:00:00
0,97.36571428571428,2000-03-10 12:00:00,2000-03-15 12:00:00
0,98.27166666666665,2000-05-12 14:00:00,2000-05-22 14:00:00
0,98.27166666666665,2000-05-31 15:00:00,2000-11-30 15:00:00
0,99.02545454545454,2000-06-16 14:00:00,2000-07-26 14:00:00
0,100.995,2000-06-13 14:00:00,2000-06-15 14:00:00
0,104.61142857142856,2000-08-17 15:00:00,2000-11-30 15:00:00
0,105.58666666666666,2000-08-30 12:00:00,2000-09-28 12:00:00
0,106.44571428571429,2000-09-01 11:00:00,2000-09-24 11:00:00
0,106.44571428571429,2000-10-17 12:00:00,2000-11-30 12:00:00
0,107.33833333333335,2000-10-23 12:00:00,2000-10-30 12:00:00
0,101.912,2000-12-20 16:00:00,2001-06-21 16:00:00
0,103.06181818181818,2001-01-02 12:00:00,2001-06-20 12:00:00
0,103.9375,2001-04-06 12:00:00,2001-06-19 12:00:00
0,104.72473684210526,2001-01-17 14:00:00,2001-03-14 14:00:00
0,104.72473684210526,2001-04-09 15:00:00,2001-04-23 15:00:00
0,104.72473684210526,2001-04-27 14:00:00,2001-05-08 14:00:00
0,104.72473684210526,2001-05-14 13:00:00,2001-05-30 13:00:00
0,105.58,2001-01-24 11:00:00,2001-03-01 11:00:00
0,105.58,2001-03-02 16:00:00,2001-03-12 16:00:00
0,106.178,2001-01-23 12:00:00,2001-01-30 12:00:00
0,107.34400000000001,2001-02-05 15:00:00,2001-02-14 15:00:00
0,98.49571428571429,2001-09-25 19:00:00,2001-10-21 19:00:00
0,99.2575,2001-09-27 09:00:00,2001-10-16 09:00:00
0,101.50714285714287,2001-07-03 08:00:00,2001-09-23 08:00:00
0,103.14882352941176,2001-07-06 03:00:00,2001-07-16 03:00:00
0,103.14882352941176,2001-07-25 22:00:00,2001-09-22 22:00:00
0,103.98863636363635,2001-08-03 00:00:00,2001-08-19 00:00:00
0,103.98863636363635,2001-08-24 08:00:00,2001-09-20 08:00:00
0,104.64428571428572,2001-09-10 20:00:00,2001-09-18 20:00:00
0,94.35374999999999,2001-11-15 23:00:00,2002-01-27 23:00:00
0,95.14181818181818,2001-11-25 21:00:00,2001-12-09 21:00:00
0,95.14181818181818,2001-12-17 07:00:00,2002-01-15 07:00:00
0,95.14181818181818,2002-01-24 03:00:00,2002-01-28 03:00:00
0,95.8452380952381,2001-11-06 08:00:00,2001-11-14 08:00:00
0,95.8452380952381,2001-12-04 17:00:00,2001-12-05 17:00:00
0,95.8452380952381,2001-12-26 08:00:00,2002-01-13 08:00:00
0,96.82647058823531,2001-11-01 17:00:00,2001-11-05 17:00:00
0,96.82647058823531,2002-01-03 05:00:00,2002-01-09 05:00:00
0,97.84375,2001-10-24 08:00:00,2001-11-01 08:00:00
0,98.72571428571429,2001-10-25 03:00:00,2001-10-30 03:00:00
0,94.82900000000001,2002-01-30 06:00:00,2002-04-30 06:00:00
0,95.66,2002-02-11 03:00:00,2002-04-30 03:00:00
0,96.49727272727273,2002-02-14 00:00:00,2002-02-19 00:00:00
0,98.78285714285714,2002-03-07 00:00:00,2002-05-01 00:00:00
0,99.56666666666666,2002-03-18 00:00:00,2002-04-15 00:00:00
0,100.32333333333334,2002-03-22 04:00:00,2002-03-26 04:00:00
0,100.32333333333334,2002-03-27 08:00:00,2002-04-11 08:00:00
0,101.21499999999999,2002-04-04 17:00:00,2002-04-09 17:00:00
0,101.21499999999999,2002-04-17 21:00:00,2002-04-30 21:00:00
0,100.52384615384614,2002-05-06 07:00:00,2002-08-01 07:00:00
0,101.2915,2002-05-01 17:00:00,2002-05-05 17:00:00
0,101.2915,2002-05-06 20:00:00,2002-05-28 20:00:00
0,101.2915,2002-06-14 08:00:00,2002-08-01 08:00:00
0,102.15999999999998,2002-05-08 08:00:00,2002-05-21 08:00:00
0,102.15999999999998,2002-06-24 20:00:00,2002-06-25 20:00:00
0,102.15999999999998,2002-06-26 20:00:00,2002-07-08 20:00:00
0,102.15999999999998,2002-07-10 04:00:00,2002-08-01 04:00:00
0,102.84625,2002-05-08 20:00:00,2002-05-12 20:00:00
0,102.84625,2002-05-15 23:00:00,2002-05-16 23:00:00
0,102.84625,2002-07-15 21:00:00,2002-07-21 21:00:00
0,103.672,2002-05-13 22:00:00,2002-05-14 22:00:00
0,102.0025,2002-08-02 04:00:00,2002-10-30 04:00:00
0,103.50699999999999,2002-08-13 05:00:00,2002-10-30 05:00:00
0,104.46400000000001,2002-08-16 05:00:00,2002-10-27 05:00:00
0,105.4748,2002-08-20 00:00:00,2002-09-03 00:00:00
0,105.4748,2002-09-05 08:00:00,2002-10-21 08:00:00
0,106.20111111111112,2002-09-06 00:00:00,2002-09-13 00:00:00
0,106.20111111111112,2002-09-18 02:00:00,2002-10-08 02:00:00
0,106.20111111111112,2002-10-14 00:00:00,2002-10-17 00:00:00
0,106.9575,2002-09-23 08:00:00,2002-10-03 08:00:00
0,101.98153846153845,2002-11-05 17:00:00,2003-01-30 17:00:00
0,102.94833333333334,2002-10-30 22:00:00,2002-11-04 22:00:00
0,103.72999999999998,2002-11-20 03:00:00,2003-01-31 03:00:00
0,104.602,2002-12-03 00:00:00,2002-12-04 00:00:00
0,104.602,2002-12-06 03:00:00,2003-01-31 03:00:00
0,107.37333333333333,2002-12-17 08:00:00,2003-01-30 08:00:00
0,108.66916666666667,2002-12-23 09:00:00,2003-01-08 09:00:00
0,108.66916666666667,2003-01-08 16:00:00,2003-01-30 16:00:00
0,109.559,2002-12-23 23:00:00,2002-12-29 23:00:00
0,109.559,2003-01-02 06:00:00,2003-01-07 06:00:00
0,110.44000000000001,2003-01-14 19:00:00,2003-01-30 19:00:00
0,108.27750000000002,2003-03-20 01:00:00,2003-04-28 01:00:00
0,109.035625,2003-04-08 07:00:00,2003-04-10 07:00:00
0,109.035625,2003-04-14 20:00:00,2003-04-27 20:00:00
0,111.05714285714286,2003-03-27 09:00:00,2003-04-01 09:00:00
0,111.8,2003-02-03 05:00:00,2003-03-19 05:00:00
0,113.61333333333334,2003-02-06 20:00:00,2003-03-17 20:00:00
0,114.91833333333334,2003-02-11 20:00:00,2003-02-19 20:00:00
0,116.0376923076923,2003-02-19 02:00:00,2003-02-20 02:00:00
0,116.0376923076923,2003-02-24 03:00:00,2003-03-14 03:00:00
0,116.92083333333333,2003-02-26 01:00:00,2003-03-03 01:00:00
0,116.92083333333333,2003-03-05 20:00:00,2003-03-12 20:00:00
0,108.17428571428572,2003-04-29 05:00:00,2003-07-22 05:00:00
0,110.19,2003-05-09 04:00:00,2003-07-22 04:00:00
0,111.27555555555556,2003-05-13 21:00:00,2003-07-21 21:00:00
0,112.21857142857144,2003-05-21 22:00:00,2003-07-21 22:00:00
0,113.21636363636362,2003-05-30 00:00:00,2003-07-22 00:00:00
0,114.05000000000001,2003-06-02 21:00:00,2003-06-03 21:00:00
0,114.05000000000001,2003-06-06 01:00:00,2003-06-19 01:00:00
0,114.05000000000001,2003-06-20 09:00:00,2003-07-22 09:00:00
0,114.90733333333333,2003-06-09 23:00:00,2003-06-14 23:00:00
0,114.90733333333333,2003-06-30 20:00:00,2003-07-21 20:00:00
0,116.07142857142856,2003-07-10 08:00:00,2003-07-22 08:00:00
0,112.49333333333334,2003-09-17 06:00:00,2003-10-13 06:00:00
0,113.52799999999999,2003-09-14 23:00:00,2003-09-16 23:00:00
0,113.52799999999999,2003-09-24 20:00:00,2003-10-13 20:00:00
0,114.57608695652176,2003-09-03 16:00:00,2003-09-14 16:00:00
0,114.57608695652176,2003-09-30 23:00:00,2003-10-13 23:00:00
0,115.50666666666669,2003-10-06 03:00:00,2003-10-08 03:00:00
0,116.4909090909091,2003-07-30 21:00:00,2003-09-01 21:00:00
0,117.3094736842105,2003-08-04 00:00:00,2003-08-13 00:00:00
0,117.3094736842105,2003-08-24 22:00:00,2003-08-26 22:00:00
0,113.80800000000002,2003-10-29 17:00:00,2004-01-13 17:00:00
0,115.05666666666666,2003-10-20 01:00:00,2003-10-29 01:00:00
0,115.93071428571429,2003-11-10 00:00:00,2004-01-13 00:00:00
0,116.74166666666669,2003-10-14 17:00:00,2003-10-19 17:00:00
0,116.74166666666669,2003-11-12 20:00:00,2003-11-23 20:00:00
0,116.74166666666669,2003-12-02 21:00:00,2004-01-12 21:00:00
0,117.59,2003-12-09 00:00:00,2004-01-13 00:00:00
0,118.30333333333334,2003-12-24 07:00:00,2004-01-13 07:00:00
0,119.34099999999998,2003-12-15 23:00:00,2003-12-21 23:00:00
0,119.34099999999998,2004-01-06 01:00:00,2004-01-13 01:00:00
0,120.071,2004-01-14 06:00:00,2004-04-06 06:00:00
0,120.89545454545456,2004-01-20 17:00:00,2004-01-28 17:00:00
0,121.8946153846154,2004-01-20 23:00:00,2004-01-27 23:00:00
0,121.8946153846154,2004-02-03 03:00:00,2004-02-04 03:00:00
0,122.76571428571427,2004-02-18 04:00:00,2004-04-06 04:00:00
0,123.33333333333333,2004-02-23 23:00:00,2004-04-01 23:00:00
0,124.44,2004-02-26 07:00:00,2004-04-01 07:00:00
0,125.3075,2004-03-01 22:00:00,2004-03-02 22:00:00
0,125.3075,2004-03-05 02:00:00,2004-03-25 02:00:00
0,126.1275,2004-03-16 05:00:00,2004-03-25 05:00:00
0,125.43499999999999,2004-04-07 21:00:00,2004-06-29 21:00:00
0,126.47315789473686,2004-04-16 04:00:00,2004-04-20 04:00:00
0,126.47315789473686,2004-04-23 01:00:00,2004-06-28 01:00:00
0,127.16000000000001,2004-06-10 00:00:00,2004-06-28 00:00:00
0,128.1208333333333,2004-05-04 02:00:00,2004-06-08 02:00:00
0,128.1208333333333,2004-06-17 21:00:00,2004-06-20 21:00:00
0,128.92,2004-05-05 04:00:00,2004-05-10 04:00:00
0,128.92,2004-05-24 03:00:00,2004-06-06 03:00:00
0,129.7311111111111,2004-05-11 20:00:00,2004-05-26 20:00:00
0,130.5727272727273,2004-05-13 05:00:00,2004-05-18 05:00:00
0,130.5727272727273,2004-05-25 17:00:00,2004-05-26 17:00:00
0,128.49,2004-07-01 22:00:00,2004-09-21 22:00:00
0,129.11166666666668,2004-07-08 01:00:00,2004-09-22 01:00:00
0,130.18800000000002,2004-07-15 01:00:00,2004-09-22 01:00:00
0,130.73499999999999,2004-07-21 04:00:00,2004-09-21 04:00:00
0,132.7057142857143,2004-07-28 09:00:00,2004-09-21 09:00:00
0,133.70625,2004-08-02 09:00:00,2004-08-04 09:00:00
0,134.50421052631577,2004-08-09 21:00:00,2004-08-29 21:00:00
0,134.50421052631577,2004-09-07 04:00:00,2004-09-08 04:00:00
0,134.50421052631577,2004-09-12 21:00:00,2004-09-21 21:00:00
0,135.3090909090909,2004-09-01 23:00:00,2004-09-05 23:00:00
0,135.3090909090909,2004-09-13 22:00:00,2004-09-14 22:00:00
0,136.1175,2004-08-16 17:00:00,2004-08-24 17:00:00
0,137.23857142857142,2004-08-17 23:00:00,2004-08-23 23:00:00
0,132.565,2004-12-08 09:00:00,2004-12-14 09:00:00
0,134.45857142857142,2004-12-03 03:00:00,2004-12-07 03:00:00
0,138.41375,2004-09-22 06:00:00,2004-12-01 06:00:00
0,139.4,2004-09-22 21:00:00,2004-11-14 21:00:00
0,140.19,2004-11-22 17:00:00,2004-11-30 17:00:00
0,140.97400000000002,2004-09-27 03:00:00,2004-11-09 03:00:00
0,142.03499999999997,2004-10-05 02:00:00,2004-11-02 02:00:00
0,142.66333333333333,2004-10-05 23:00:00,2004-10-31 23:00:00
0,143.88090909090909,2004-10-06 22:00:00,2004-10-12 22:00:00
0,145.60666666666665,2004-10-14 03:00:00,2004-10-18 03:00:00
0,146.518,2004-10-21 17:00:00,2004-10-26 17:00:00
0,147.2625,2004-10-26 22:00:00,2004-10-26 22:00:00
0,133.09333333333333,2004-12-27 17:00:00,2005-03-09 17:00:00
0,136.07,2004-12-16 22:00:00,2004-12-22 22:00:00
0,136.07,2005-02-07 21:00:00,2005-03-09 21:00:00
0,137.01,2004-12-20 20:00:00,2004-12-21 20:00:00
0,137.01,2005-01-06 20:00:00,2005-02-07 20:00:00
0,137.88299999999998,2005-02-01 21:00:00,2005-02-05 21:00:00
0,138.70636363636362,2005-02-14 17:00:00,2005-03-09 17:00:00
0,139.82555555555552,2005-01-24 02:00:00,2005-01-30 02:00:00
0,142.2372727272727,2005-02-22 21:00:00,2005-03-09 21:00:00
0,144.1,2005-03-02 20:00:00,2005-03-09 20:00:00
0,135.81285714285715,2005-05-18 17:00:00,2005-05-22 17:00:00
0,135.81285714285715,2005-05-24 05:00:00,2005-06-01 05:00:00
0,137.1175,2005-05-12 22:00:00,2005-05-17 22:00:00
0,137.96166666666667,2005-05-02 00:00:00,2005-05-12 00:00:00
0,139.036,2005-05-04 22:00:00,2005-05-11 22:00:00
0,140.03181818181818,2005-04-13 22:00:00,2005-04-27 22:00:00
0,140.03181818181818,2005-05-05 22:00:00,2005-05-10 22:00:00
0,141.7,2005-04-12 17:00:00,2005-04-12 17:00:00
0,142.8275,2005-04-22 02:00:00,2005-04-27 02:00:00
0,144.027,2005-03-11 04:00:00,2005-04-10 04:00:00
0,145.74777777777774,2005-03-15 04:00:00,2005-03-23 04:00:00
0,145.74777777777774,2005-04-01 06:00:00,2005-04-07 06:00:00
0,147.26666666666665,2005-03-16 23:00:00,2005-03-21 23:00:00
0,140.1,2005-06-02 20:00:00,2005-06-07 20:00:00
0,141.77833333333334,2005-06-14 07:00:00,2005-08-23 07:00:00
0,142.68,2005-06-30 17:00:00,2005-08-23 17:00:00
0,143.6277777777778,2005-07-15 06:00:00,2005-07-20 06:00:00
0,144.442,2005-06-23 03:00:00,2005-06-29 03:00:00
0,145.42466666666667,2005-06-19 23:00:00,2005-06-21 23:00:00
0,145.42466666666667,2005-07-11 22:00:00,2005-07-13 22:00:00
0,145.42466666666667,2005-07-29 04:00:00,2005-08-23 04:00:00
0,146.24333333333334,2005-06-24 03:00:00,2005-06-28 03:00:00
0,148.16714285714284,2005-08-09 17:00:00,2005-08-23 17:00:00
0,150.51999999999998,2005-08-15 23:00:00,2005-08-16 23:00:00
0,150.51999999999998,2005-08-22 03:00:00,2005-08-23 03:00:00
0,143.87666666666667,2005-11-08 05:00:00,2005-11-10 05:00:00
0,144.87923076923076,2005-10-20 17:00:00,2005-11-08 17:00:00
0,146.01500000000001,2005-10-06 10:00:00,2005-10-20 10:00:00
0,146.01500000000001,2005-10-26 19:00:00,2005-10-30 19:00:00
0,146.66166666666666,2005-10-10 21:00:00,2005-10-19 21:00:00
0,147.78,2005-09-12 17:00:00,2005-10-04 17:00:00
0,149.4414285714286,2005-09-07 21:00:00,2005-09-10 21:00:00
0,149.4414285714286,2005-09-27 07:00:00,2005-10-04 07:00:00
0,150.334,2005-09-06 21:00:00,2005-09-06 21:00:00
0,150.334,2005-09-14 21:00:00,2005-09-14 21:00:00
0,151.15800000000002,2005-08-23 22:00:00,2005-09-05 22:00:00
0,151.15800000000002,2005-09-20 08:00:00,2005-09-22 08:00:00
0,151.996,2005-08-25 09:00:00,2005-09-05 09:00:00
0,153.58999999999997,2005-08-31 22:00:00,2005-09-01 22:00:00
0,141.32166666666666,2005-11-29 05:00:00,2006-02-08 05:00:00
0,141.95555555555558,2005-11-15 17:00:00,2005-11-28 17:00:00
0,141.95555555555558,2005-11-30 20:00:00,2005-12-26 20:00:00
0,143.56285714285715,2005-12-02 09:00:00,2005-12-18 09:00:00
0,144.30777777777777,2005-12-05 04:00:00,2005-12-07 04:00:00
0,144.30777777777777,2005-12-08 09:00:00,2005-12-18 09:00:00
0,145.19,2005-12-13 04:00:00,2005-12-15 04:00:00
0,146.10999999999999,2006-01-04 08:00:00,2006-02-08 08:00:00
0,147.05,2006-01-06 09:00:00,2006-02-07 09:00:00
0,148.01000000000002,2006-01-08 22:00:00,2006-01-08 22:00:00
0,148.01000000000002,2006-01-17 01:00:00,2006-02-07 01:00:00
0,149.315,2006-01-17 09:00:00,2006-01-25 09:00:00
0,150.26,2006-01-27 00:00:00,2006-02-01 00:00:00
0,141.48399999999998,2006-02-15 17:00:00,2006-05-01 17:00:00
0,142.31000000000003,2006-02-16 22:00:00,2006-03-07 22:00:00
0,143.48375,2006-03-01 09:00:00,2006-03-07 09:00:00
0,143.48375,2006-03-14 04:00:00,2006-03-20 04:00:00
0,144.19923076923078,2006-03-02 09:00:00,2006-03-07 09:00:00
0,144.19923076923078,2006-03-17 17:00:00,2006-03-19 17:00:00
0,145.40166666666667,2006-02-08 19:00:00,2006-02-12 19:00:00
0,146.35,2006-03-29 20:00:00,2006-05-01 20:00:00
0,149.152,2006-04-10 20:00:00,2006-04-11 20:00:00
0,150.58166666666668,2006-04-18 02:00:00,2006-04-27 02:00:00
0,151.417,2006-04-18 21:00:00,2006-04-25 21:00:00
0,146.512,2006-05-18 05:00:00,2006-07-23 05:00:00
0,147.21,2006-05-15 22:00:00,2006-05-17 22:00:00
0,147.21,2006-06-15 09:00:00,2006-06-20 09:00:00
0,148.16444444444443,2006-05-05 05:00:00,2006-05-08 05:00:00
0,148.16444444444443,2006-06-22 09:00:00,2006-07-23 09:00:00
0,149.25571428571428,2006-05-26 00:00:00,2006-06-01 00:00:00
0,149.25571428571428,2006-06-26 20:00:00,2006-07-23 20:00:00
0,150.9707142857143,2006-05-11 07:00:00,2006-05-12 07:00:00
0,150.9707142857143,2006-06-30 01:00:00,2006-07-20 01:00:00
0,152.814,2006-07-12 22:00:00,2006-07-17 22:00:00
0,154.71666666666667,2006-07-14 06:00:00,2006-07-17 06:00:00
0,135.29444444444442,2006-09-20 08:00:00,2006-09-22 08:00:00
0,135.29444444444442,2006-09-26 07:00:00,2006-10-01 07:00:00
0,137.16428571428574,2006-09-27 20:00:00,2006-09-28 20:00:00
0,138.345,2006-09-13 04:00:00,2006-09-15 04:00:00
0,138.345,2006-09-18 01:00:00,2006-09-19 01:00:00
0,142.265,2006-09-06 16:00:00,2006-09-07 16:00:00
0,143.26000000000002,2006-09-04 06:00:00,2006-09-06 06:00:00
0,144.57,2006-08-29 16:00:00,2006-09-03 16:00:00
0,146.45499999999998,2006-08-17 22:00:00,2006-08-27 22:00:00
0,147.77,2006-08-22 04:00:00,2006-08-23 04:00:00
0,148.92874999999998,2006-07-24 07:00:00,2006-08-16 07:00:00
0,149.87,2006-07-25 22:00:00,2006-07-27 22:00:00
0,149.87,2006-07-31 21:00:00,2006-08-13 21:00:00
0,150.82000000000002,2006-08-02 06:00:00,2006-08-10 06:00:00
0,151.6475,2006-08-07 09:00:00,2006-08-10 09:00:00
0,129.26625,2006-11-17 07:00:00,2006-11-30 07:00:00
0,130.11124999999998,2006-10-18 16:00:00,2006-11-14 16:00:00
0,131.058,2006-10-23 08:00:00,2006-10-31 08:00:00
0,131.058,2006-11-01 04:00:00,2006-11-15 04:00:00
0,131.80285714285716,2006-11-07 11:00:00,2006-11-13 11:00:00
0,132.65375,2006-10-03 16:00:00,2006-10-10 16:00:00
0,132.65375,2006-10-12 22:00:00,2006-10-17 22:00:00
0,133.33384615384617,2006-11-09 13:00:00,2006-11-09 13:00:00
0,123.19777777777777,2007-01-10 16:00:00,2007-01-10 16:00:00
0,125.62428571428572,2007-01-05 12:00:00,2007-01-08 12:00:00
0,130.526,2006-12-26 13:00:00,2007-01-02 13:00:00
0,132.39545454545453,2006-12-07 10:00:00,2006-12-12 10:00:00
0,132.39545454545453,2006-12-13 14:00:00,2006-12-25 14:00:00
0,133.15952380952382,2006-12-01 01:00:00,2006-12-05 01:00:00
0,133.15952380952382,2006-12-05 12:00:00,2006-12-06 12:00:00
0,133.15952380952382,2006-12-14 14:00:00,2006-12-18 14:00:00
0,133.15952380952382,2006-12-19 16:00:00,2006-12-21 16:00:00
0,125.42399999999998,2007-03-15 16:00:00,2007-04-04 16:00:00
0,126.33733333333333,2007-02-07 19:00:00,2007-02-14 19:00:00
0,126.33733333333333,2007-02-15 21:00:00,2007-03-14 21:00:00
0,127.31666666666668,2007-02-05 03:00:00,2007-02-07 03:00:00
0,128.06285714285713,2007-02-21 20:00:00,2007-03-11 20:00:00
0,128.7111111111111,2007-02-23 00:00:00,2007-03-05 00:00:00
0,128.7111111111111,2007-03-26 14:00:00,2007-03-26 14:00:00
0,129.72812499999998,2007-03-01 00:00:00,2007-03-04 00:00:00
0,129.72812499999998,2007-03-07 20:00:00,2007-03-08 20:00:00
0,129.72812499999998,2007-03-27 23:00:00,2007-04-03 23:00:00
0,131.37166666666667,2007-03-30 06:00:00,2007-04-03 06:00:00
0,126.05111111111111,2007-05-04 14:00:00,2007-06-05 14:00:00
0,126.76416666666667,2007-05-13 23:00:00,2007-05-28 23:00:00
0,126.76416666666667,2007-05-30 02:00:00,2007-05-31 02:00:00
0,127.60111111111112,2007-04-09 16:00:00,2007-05-03 16:00:00
0,127.60111111111112,2007-05-17 02:00:00,2007-05-29 02:00:00
0,128.40692307692308,2007-04-12 12:00:00,2007-04-18 12:00:00
0,128.40692307692308,2007-04-22 20:00:00,2007-05-02 20:00:00
0,128.40692307692308,2007-05-25 08:00:00,2007-05-28 08:00:00
0,129.18692307692308,2007-04-16 16:00:00,2007-04-17 16:00:00
0,129.18692307692308,2007-04-23 08:00:00,2007-05-01 08:00:00
0,129.18692307692308,2007-05-17 19:00:00,2007-05-23 19:00:00
0,130.02785714285713,2007-04-25 19:00:00,2007-04-26 19:00:00
0,128.50285714285712,2007-06-08 17:00:00,2007-08-06 17:00:00
0,129.4,2007-06-06 19:00:00,2007-06-07 19:00:00
0,131.462,2007-06-20 13:00:00,2007-06-24 13:00:00
0,132.18714285714285,2007-06-19 00:00:00,2007-06-20 00:00:00
0,134.0475,2007-07-03 01:00:00,2007-08-06 01:00:00
0,135.1157142857143,2007-07-06 04:00:00,2007-08-06 04:00:00
0,135.72625,2007-07-10 17:00:00,2007-07-11 17:00:00
0,137.10333333333335,2007-07-16 00:00:00,2007-07-24 00:00:00
0,137.94833333333335,2007-07-18 20:00:00,2007-07-22 20:00:00
0,138.822,2007-07-30 12:00:00,2007-08-03 12:00:00
0,140.57000000000002,2007-07-31 17:00:00,2007-07-31 17:00:00
0,132.19199999999998,2007-08-21 13:00:00,2007-10-04 13:00:00
0,133.12833333333336,2007-08-16 13:00:00,2007-08-20 13:00:00
0,133.96769230769232,2007-08-07 03:00:00,2007-08-10 03:00:00
0,133.96769230769232,2007-08-16 21:00:00,2007-08-19 21:00:00
0,134.59333333333333,2007-08-07 22:00:00,2007-08-08 22:00:00
0,134.59333333333333,2007-08-12 21:00:00,2007-08-15 21:00:00
0,134.59333333333333,2007-08-27 20:00:00,2007-10-04 20:00:00
0,136.41125,2007-08-29 21:00:00,2007-10-04 21:00:00
0,137.0,2007-09-03 07:00:00,2007-09-04 07:00:00
0,142.5425,2007-09-13 12:00:00,2007-09-14 12:00:00
0,143.66181818181818,2007-09-18 05:00:00,2007-09-26 05:00:00
0,143.66181818181818,2007-10-01 14:00:00,2007-10-04 14:00:00
0,144.65666666666667,2007-09-18 20:00:00,2007-09-24 20:00:00
0,150.58333333333334,2007-10-15 22:00:00,2007-12-05 22:00:00
0,151.39666666666668,2007-10-17 02:00:00,2007-10-23 02:00:00
0,154.8311111111111,2007-10-30 19:00:00,2007-12-04 19:00:00
0,157.40800000000002,2007-11-14 08:00:00,2007-11-29 08:00:00
0,159.96857142857147,2007-11-04 23:00:00,2007-11-11 23:00:00
0,160.81454545454548,2007-11-06 04:00:00,2007-11-12 04:00:00
0,160.81454545454548,2007-11-16 16:00:00,2007-11-27 16:00:00
0,163.0066666666667,2007-11-20 09:00:00,2007-11-26 09:00:00
0,163.80714285714288,2007-11-21 13:00:00,2007-11-22 13:00:00
0,154.375,2008-01-23 14:00:00,2008-02-06 14:00:00
0,155.23833333333332,2008-02-03 19:00:00,2008-02-05 19:00:00
0,156.32363636363635,2007-12-11 16:00:00,2008-01-20 16:00:00
0,156.32363636363635,2008-01-28 06:00:00,2008-02-03 06:00:00
0,157.9425,2007-12-20 15:00:00,2008-01-15 15:00:00
0,159.2811111111111,2007-12-24 05:00:00,2008-01-15 05:00:00
0,160.46166666666667,2007-12-26 05:00:00,2008-01-11 05:00:00
0,162.47727272727272,2007-12-26 13:00:00,2007-12-26 13:00:00
0,162.47727272727272,2007-12-27 07:00:00,2007-12-31 07:00:00
0,162.47727272727272,2008-01-08 17:00:00,2008-01-09 17:00:00
0,165.58,2008-01-02 17:00:00,2008-01-03 17:00:00
0,159.86166666666665,2008-02-11 23:00:00,2008-04-08 23:00:00
0,162.252,2008-02-14 13:00:00,2008-04-09 13:00:00
0,165.08,2008-02-20 10:00:00,2008-04-09 10:00:00
0,166.18800000000002,2008-02-26 00:00:00,2008-04-09 00:00:00
0,168.59999999999997,2008-02-29 16:00:00,2008-03-03 16:00:00
0,168.59999999999997,2008-03-20 06:00:00,2008-04-09 06:00:00
0,169.4391666666667,2008-03-31 14:00:00,2008-03-31 14:00:00
0,171.598,2008-03-06 13:00:00,2008-03-19 13:00:00
0,173.25833333333333,2008-03-28 13:00:00,2008-03-30 13:00:00
0,174.77666666666664,2008-03-10 21:00:00,2008-03-16 21:00:00
0,176.655,2008-03-13 02:00:00,2008-03-17 02:00:00
0,178.0125,2008-04-10 12:00:00,2008-06-09 12:00:00
0,182.08,2008-04-15 14:00:00,2008-04-15 14:00:00
0,183.1825,2008-04-16 20:00:00,2008-04-17 20:00:00
0,185.555,2008-04-21 21:00:00,2008-04-23 21:00:00
0,191.095,2008-05-07 02:00:00,2008-06-10 02:00:00
0,192.71666666666667,2008-05-13 00:00:00,2008-05-15 00:00:00
0,193.59875,2008-05-08 20:00:00,2008-05-11 20:00:00
0,193.59875,2008-05-16 05:00:00,2008-06-04 05:00:00
0,195.655,2008-05-19 13:00:00,2008-05-29 13:00:00
0,202.4075,2008-05-26 03:00:00,2008-05-27 03:00:00
0,186.79166666666666,2008-08-06 16:00:00,2008-08-07 16:00:00
0,190.14666666666668,2008-07-29 12:00:00,2008-07-29 12:00:00
0,191.5716666666667,2008-07-25 11:00:00,2008-07-29 11:00:00
0,192.406,2008-07-23 16:00:00,2008-07-24 16:00:00
0,201.34,2008-06-10 20:00:00,2008-07-16 20:00:00
0,202.58666666666667,2008-06-12 11:00:00,2008-06-19 11:00:00
0,205.06600000000003,2008-07-08 11:00:00,2008-07-16 11:00:00
0,205.8614285714286,2008-06-23 15:00:00,2008-06-24 15:00:00
0,209.23000000000002,2008-06-27 16:00:00,2008-07-07 16:00:00
0,212.8071428571428,2008-07-02 19:00:00,2008-07-06 19:00:00
0,170.1157142857143,2008-09-09 16:00:00,2008-09-10 16:00:00
0,173.85999999999999,2008-09-22 09:00:00,2008-09-24 09:00:00
0,174.88666666666666,2008-09-02 04:00:00,2008-09-05 04:00:00
0,175.7475,2008-09-02 09:00:00,2008-09-04 09:00:00
0,181.659,2008-08-12 17:00:00,2008-08-14 17:00:00
0,116.9975,2008-11-20 17:00:00,2008-12-01 17:00:00
0,119.45666666666666,2008-11-26 07:00:00,2008-12-01 07:00:00
0,121.138,2008-11-26 22:00:00,2008-11-27 22:00:00
0,123.024,2008-11-17 16:00:00,2008-11-17 16:00:00
0,128.8425,2008-11-06 20:00:00,2008-11-10 20:00:00
0,129.52749999999997,2008-11-07 10:00:00,2008-11-10 10:00:00
0,131.05599999999998,2008-10-27 23:00:00,2008-11-05 23:00:00
0,132.11888888888888,2008-10-24 14:00:00,2008-10-26 14:00:00
0,132.11888888888888,2008-10-29 05:00:00,2008-11-03 05:00:00
0,135.14600000000002,2008-10-22 16:00:00,2008-10-23 16:00:00
0,142.04,2008-10-20 05:00:00,2008-10-21 05:00:00
0,95.41444444444444,2009-01-20 04:00:00,2009-02-10 04:00:00
0,96.30250000000001,2009-01-21 03:00:00,2009-02-02 03:00:00
0,96.30250000000001,2009-02-03 19:00:00,2009-02-03 19:00:00
0,97.13384615384618,2009-01-22 12:00:00,2009-01-28 12:00:00
0,97.13384615384618,2009-01-29 10:00:00,2009-02-01 10:00:00
0,99.72599999999998,2008-12-26 01:00:00,2009-01-15 01:00:00
0,101.335,2009-01-25 21:00:00,2009-01-26 21:00:00
0,102.22666666666667,2008-12-23 12:00:00,2008-12-23 12:00:00
0,102.952,2008-12-22 17:00:00,2008-12-22 17:00:00
0,111.68,2008-12-10 15:00:00,2008-12-16 15:00:00
0,90.24666666666667,2009-02-13 08:00:00,2009-04-14 08:00:00
0,91.11,2009-02-20 09:00:00,2009-02-23 09:00:00
0,95.4175,2009-02-25 17:00:00,2009-03-01 17:00:00
0,96.66444444444444,2009-03-04 13:00:00,2009-03-11 13:00:00
0,99.56666666666666,2009-03-09 14:00:00,2009-03-10 14:00:00
0,99.56666666666666,2009-03-17 05:00:00,2009-04-14 05:00:00
0,100.64000000000001,2009-03-18 12:00:00,2009-03-30 12:00:00
0,101.37,2009-04-08 23:00:00,2009-04-13 23:00:00
0,103.73888888888888,2009-03-20 08:00:00,2009-03-29 08:00:00
0,103.73888888888888,2009-04-02 13:00:00,2009-04-05 13:00:00
0,105.54833333333333,2009-03-23 14:00:00,2009-03-23 14:00:00
0,98.54333333333334,2009-04-23 00:00:00,2009-06-15 00:00:00
0,100.745,2009-04-29 20:00:00,2009-06-14 20:00:00
0,101.58400000000002,2009-04-16 19:00:00,2009-04-19 19:00:00
0,103.68800000000002,2009-05-05 03:00:00,2009-06-15 03:00:00
0,107.48800000000001,2009-05-11 07:00:00,2009-05-13 07:00:00
0,109.324,2009-05-19 21:00:00,2009-06-14 21:00:00
0,110.375,2009-05-21 16:00:00,2009-05-25 16:00:00
0,111.89000000000001,2009-05-26 23:00:00,2009-06-14 23:00:00
0,117.68142857142857,2009-06-04 16:00:00,2009-06-07 16:00:00
0,120.3175,2009-06-10 10:00:00,2009-06-14 10:00:00
0,110.054,2009-07-16 13:00:00,2009-08-13 13:00:00
0,111.0025,2009-07-07 12:00:00,2009-07-07 12:00:00
0,112.42699999999999,2009-07-06 07:00:00,2009-07-07 07:00:00
0,112.42699999999999,2009-07-19 20:00:00,2009-07-28 20:00:00
0,114.97,2009-06-22 23:00:00,2009-07-02 23:00:00
0,115.62555555555556,2009-06-23 03:00:00,2009-07-02 03:00:00
0,115.62555555555556,2009-07-26 20:00:00,2009-07-27 20:00:00
0,116.97833333333331,2009-06-23 22:00:00,2009-07-01 22:00:00
0,118.11583333333334,2009-06-30 13:00:00,2009-07-01 13:00:00
0,118.11583333333334,2009-08-04 06:00:00,2009-08-11 06:00:00
0,118.918125,2009-06-15 12:00:00,2009-06-21 12:00:00
0,118.918125,2009-08-04 15:00:00,2009-08-05 15:00:00
0,120.1675,2009-06-18 01:00:00,2009-06-19 01:00:00
0,111.435,2009-09-24 14:00:00,2009-10-14 14:00:00
0,113.63333333333334,2009-08-17 07:00:00,2009-09-24 07:00:00
0,114.27846153846154,2009-08-17 19:00:00,2009-09-01 19:00:00
0,114.27846153846154,2009-09-13 22:00:00,2009-09-22 22:00:00
0,115.30545454545451,2009-10-01 01:00:00,2009-10-02 01:00:00
0,116.86090909090909,2009-09-22 22:00:00,2009-09-22 22:00:00
0,117.91470588235293,2009-09-16 19:00:00,2009-09-20 19:00:00
0,119.58600000000001,2009-08-21 15:00:00,2009-08-24 15:00:00
0,113.824,2009-12-13 22:00:00,2009-12-14 22:00:00
0,114.94000000000001,2009-12-09 14:00:00,2009-12-10 14:00:00
0,118.282,2009-11-27 03:00:00,2009-12-08 03:00:00
0,120.42555555555555,2009-10-15 08:00:00,2009-11-26 08:00:00
0,120.42555555555555,2009-11-30 01:00:00,2009-12-04 01:00:00
0,121.36888888888888,2009-11-30 21:00:00,2009-12-02 21:00:00
0,122.13749999999999,2009-11-01 20:00:00,2009-11-11 20:00:00
0,123.04100000000001,2009-10-16 12:00:00,2009-10-28 12:00:00
0,123.88526315789474,2009-10-18 22:00:00,2009-10-20 22:00:00
0,123.88526315789474,2009-10-26 16:00:00,2009-10-27 16:00:00
0,124.734,2009-10-22 06:00:00,2009-10-26 06:00:00
0,125.66749999999999,2009-10-22 13:00:00,2009-10-23 13:00:00
0,115.50555555555555,2009-12-16 00:00:00,2010-02-05 00:00:00
0,116.31466666666668,2009-12-17 06:00:00,2010-01-29 06:00:00
0,117.18136363636364,2009-12-17 20:00:00,2009-12-20 20:00:00
0,117.18136363636364,2009-12-22 16:00:00,2010-01-26 16:00:00
0,119.89090909090909,2009-12-24 00:00:00,2010-01-21 00:00:00
0,119.89090909090909,2010-02-02 20:00:00,2010-02-03 20:00:00
0,120.598,2009-12-28 04:00:00,2010-01-19 04:00:00
0,121.53666666666666,2009-12-28 19:00:00,2010-01-14 19:00:00
0,122.53111111111113,2009-12-30 16:00:00,2010-01-14 16:00:00
0,123.98333333333333,2010-01-04 07:00:00,2010-01-12 07:00:00
0,124.84285714285714,2010-01-06 03:00:00,2010-01-12 03:00:00
0,120.68777777777778,2010-02-18 22:00:00,2010-02-24 22:00:00
0,120.68777777777778,2010-02-25 19:00:00,2010-04-19 19:00:00
0,121.64714285714287,2010-03-02 22:00:00,2010-04-19 22:00:00
0,122.38294117647058,2010-02-22 05:00:00,2010-02-23 05:00:00
0,122.38294117647058,2010-03-03 03:00:00,2010-03-15 03:00:00
0,122.38294117647058,2010-03-24 09:00:00,2010-03-26 09:00:00
0,123.18272727272729,2010-03-05 07:00:00,2010-03-15 07:00:00
0,123.18272727272729,2010-03-23 04:00:00,2010-03-24 04:00:00
0,124.13045454545455,2010-03-10 09:00:00,2010-03-12 09:00:00
0,124.13045454545455,2010-03-16 14:00:00,2010-03-18 14:00:00
0,124.13045454545455,2010-03-29 14:00:00,2010-04-18 14:00:00
0,125.072,2010-03-31 12:00:00,2010-04-18 12:00:00
0,125.9825,2010-04-13 19:00:00,2010-04-15 19:00:00
0,126.76666666666665,2010-04-01 14:00:00,2010-04-11 14:00:00
0,127.62714285714286,2010-04-14 15:00:00,2010-04-15 15:00:00
0,128.41750000000002,2010-04-05 14:00:00,2010-04-06 14:00:00
0,106.678,2010-05-20 13:00:00,2010-05-24 13:00:00
0,109.24142857142856,2010-06-01 06:00:00,2010-06-04 06:00:00
0,113.58500000000001,2010-06-16 08:00:00,2010-06-17 08:00:00
0,114.47333333333334,2010-05-13 10:00:00,2010-05-13 10:00:00
0,116.14571428571428,2010-05-06 15:00:00,2010-05-11 15:00:00
0,122.34333333333332,2010-04-22 10:00:00,2010-05-04 10:00:00
0,123.98222222222222,2010-04-22 20:00:00,2010-04-26 20:00:00
0,125.81666666666666,2010-04-29 13:00:00,2010-05-03 13:00:00
0,107.715,2010-07-05 12:00:00,2010-08-19 12:00:00
0,110.3725,2010-07-08 02:00:00,2010-08-19 02:00:00
0,111.22894736842107,2010-06-29 19:00:00,2010-06-30 19:00:00
0,111.22894736842107,2010-07-08 13:00:00,2010-07-12 13:00:00
0,111.22894736842107,2010-07-18 20:00:00,2010-08-17 20:00:00
0,112.07874999999999,2010-06-23 11:00:00,2010-06-29 11:00:00
0,112.07874999999999,2010-07-19 14:00:00,2010-08-12 14:00:00
0,112.83333333333333,2010-07-14 01:00:00,2010-07-15 01:00:00
0,112.83333333333333,2010-07-30 10:00:00,2010-08-11 10:00:00
0,113.64166666666665,2010-06-22 02:00:00,2010-06-23 02:00:00
0,114.545,2010-06-27 19:00:00,2010-06-28 19:00:00
0,114.545,2010-07-23 02:00:00,2010-07-26 02:00:00
0,115.7125,2010-08-06 14:00:00,2010-08-10 14:00:00
0,117.894,2010-08-03 20:00:00,2010-08-05 20:00:00
0,108.44999999999999,2010-08-25 20:00:00,2010-08-30 20:00:00
0,108.44999999999999,2010-09-02 09:00:00,2010-10-20 09:00:00
0,109.1938095238095,2010-08-20 07:00:00,2010-08-23 07:00:00
0,109.1938095238095,2010-09-03 12:00:00,2010-09-06 12:00:00
0,109.1938095238095,2010-09-07 16:00:00,2010-09-16 16:00:00
0,109.1938095238095,2010-09-20 05:00:00,2010-09-22 05:00:00
0,110.13533333333332,2010-09-10 00:00:00,2010-09-17 00:00:00
0,110.13533333333332,2010-09-27 12:00:00,2010-10-20 12:00:00
0,111.90666666666665,2010-09-14 07:00:00,2010-09-14 07:00:00
0,112.56333333333333,2010-09-13 01:00:00,2010-09-14 01:00:00
0,113.8775,2010-09-30 19:00:00,2010-10-19 19:00:00
0,115.24249999999999,2010-10-01 11:00:00,2010-10-19 11:00:00
0,116.86500000000001,2010-10-05 19:00:00,2010-10-06 19:00:00
0,116.86500000000001,2010-10-13 09:00:00,2010-10-15 09:00:00
0,117.69,2010-10-06 15:00:00,2010-10-06 15:00:00
0,113.86428571428571,2010-10-21 14:00:00,2010-12-20 14:00:00
0,114.72666666666665,2010-10-27 12:00:00,2010-11-17 12:00:00
0,115.423125,2010-10-24 19:00:00,2010-10-26 19:00:00
0,115.423125,2010-10-27 22:00:00,2010-10-28 22:00:00
0,116.482,2010-11-01 16:00:00,2010-11-15 16:00:00
0,116.482,2010-11-24 21:00:00,2010-11-25 21:00:00
0,118.12666666666667,2010-11-03 19:00:00,2010-11-15 19:00:00
0,120.06,2010-11-04 20:00:00,2010-11-08 20:00:00
0,120.06,2010-12-02 08:00:00,2010-12-20 08:00:00
0,120.895,2010-12-08 01:00:00,2010-12-10 01:00:00
0,120.895,2010-12-13 13:00:00,2010-12-14 13:00:00
0,120.895,2010-12-15 19:00:00,2010-12-16 19:00:00
0,121.63666666666666,2010-12-05 23:00:00,2010-12-06 23:00:00
0,115.81666666666666,2011-02-14 16:00:00,2011-02-21 16:00:00
0,116.42,2011-01-27 22:00:00,2011-02-13 22:00:00
0,117.51599999999999,2011-01-25 07:00:00,2011-01-27 07:00:00
0,118.43166666666667,2011-01-24 13:00:00,2011-01-24 13:00:00
0,118.43166666666667,2011-02-08 14:00:00,2011-02-08 14:00:00
0,120.17666666666666,2011-01-05 07:00:00,2011-01-23 07:00:00
0,120.17666666666666,2011-01-31 10:00:00,2011-02-06 10:00:00
0,120.99583333333334,2010-12-30 13:00:00,2011-01-04 13:00:00
0,121.86000000000001,2011-02-01 16:00:00,2011-02-03 16:00:00
0,122.83588235294118,2010-12-22 08:00:00,2010-12-30 08:00:00
0,122.83588235294118,2011-01-12 07:00:00,2011-01-20 07:00:00
0,123.44375,2011-01-02 20:00:00,2011-01-03 20:00:00
0,123.44375,2011-01-11 23:00:00,2011-01-13 23:00:00
0,123.44375,2011-01-18 02:00:00,2011-01-19 02:00:00
0,124.60000000000001,2011-02-24 16:00:00,2011-04-24 16:00:00
0,127.2175,2011-03-02 03:00:00,2011-03-14 03:00:00
0,129.81500000000003,2011-03-21 17:00:00,2011-04-24 17:00:00
0,131.65555555555557,2011-03-22 19:00:00,2011-03-27 19:00:00
0,133.525,2011-04-14 08:00:00,2011-04-18 08:00:00
0,135.08499999999998,2011-04-05 17:00:00,2011-04-11 17:00:00
0,118.75399999999999,2011-06-21 13:00:00,2011-06-22 13:00:00
0,121.08666666666666,2011-06-15 15:00:00,2011-06-15 15:00:00
0,122.412,2011-05-12 08:00:00,2011-06-15 08:00:00
0,124.37285714285716,2011-05-12 22:00:00,2011-05-15 22:00:00
0,124.37285714285716,2011-05-24 13:00:00,2011-06-13 13:00:00
0,125.05,2011-05-19 16:00:00,2011-05-19 16:00:00
0,125.05,2011-05-25 10:00:00,2011-06-06 10:00:00
0,126.03222222222222,2011-05-26 11:00:00,2011-06-01 11:00:00
0,127.06142857142856,2011-06-09 01:00:00,2011-06-10 01:00:00
0,138.1575,2011-04-26 00:00:00,2011-05-03 00:00:00
0,138.775,2011-04-28 07:00:00,2011-05-01 07:00:00
0,108.93199999999999,2011-08-05 03:00:00,2011-08-08 03:00:00
0,110.248,2011-08-12 02:00:00,2011-08-18 02:00:00
0,112.346,2011-08-16 14:00:00,2011-08-17 14:00:00
0,118.42999999999999,2011-06-29 01:00:00,2011-08-03 01:00:00
0,119.29749999999999,2011-07-01 10:00:00,2011-08-02 10:00:00
0,120.355,2011-06-29 16:00:00,2011-06-30 16:00:00
0,120.355,2011-07-01 16:00:00,2011-07-10 16:00:00
0,122.43181818181819,2011-07-15 14:00:00,2011-07-17 14:00:00
0,124.17333333333333,2011-07-21 16:00:00,2011-07-25 16:00:00
0,102.65799999999999,2011-09-23 08:00:00,2011-10-03 08:00:00
0,108.76799999999999,2011-08-25 11:00:00,2011-09-21 11:00:00
0,108.76799999999999,2011-10-09 23:00:00,2011-10-24 23:00:00
0,109.45833333333333,2011-10-11 05:00:00,2011-10-13 05:00:00
0,110.45833333333336,2011-08-28 22:00:00,2011-09-04 22:00:00
0,110.45833333333336,2011-09-12 03:00:00,2011-09-21 03:00:00
0,111.29125,2011-09-20 09:00:00,2011-09-21 09:00:00
0,113.81230769230768,2011-08-31 20:00:00,2011-09-01 20:00:00
0,113.81230769230768,2011-09-13 05:00:00,2011-09-14 05:00:00
0,116.125,2011-11-01 20:00:00,2011-12-26 20:00:00
0,118.09400000000001,2011-11-03 11:00:00,2011-12-16 11:00:00
0,120.01,2011-11-09 23:00:00,2011-12-14 23:00:00
0,121.87272727272729,2011-11-10 10:00:00,2011-11-20 10:00:00
0,121.87272727272729,2011-11-22 00:00:00,2011-11-23 00:00:00
0,122.66266666666665,2011-11-11 02:00:00,2011-11-18 02:00:00
0,122.66266666666665,2011-11-29 08:00:00,2011-12-14 08:00:00
0,123.66299999999998,2011-11-29 19:00:00,2011-12-07 19:00:00
0,124.45,2011-12-23 11:00:00,2011-12-26 11:00:00
0,125.21625,2011-12-02 13:00:00,2011-12-06 13:00:00
0,120.4025,2012-02-02 13:00:00,2012-02-27 13:00:00
0,121.55166666666666,2012-01-22 20:00:00,2012-02-01 20:00:00
0,123.26764705882354,2011-12-29 11:00:00,2012-01-12 11:00:00
0,123.26764705882354,2012-01-30 02:00:00,2012-01-31 02:00:00
0,123.26764705882354,2012-02-07 20:00:00,2012-02-07 20:00:00
0,123.93923076923076,2012-01-16 19:00:00,2012-01-19 19:00:00
0,123.93923076923076,2012-01-25 22:00:00,2012-01-28 22:00:00
0,125.06923076923077,2012-01-02 22:00:00,2012-01-11 22:00:00
0,125.06923076923077,2012-01-18 04:00:00,2012-01-20 04:00:00
0,125.06923076923077,2012-02-13 22:00:00,2012-02-26 22:00:00
0,126.83857142857144,2012-01-04 03:00:00,2012-01-05 03:00:00
0,128.94500000000002,2012-02-20 03:00:00,2012-02-27 03:00:00
0,129.772,2012-02-21 21:00:00,2012-02-22 21:00:00
0,132.31,2012-02-23 21:00:00,2012-02-26 21:00:00
0,124.88428571428571,2012-04-04 12:00:00,2012-04-10 12:00:00
0,125.77333333333333,2012-04-11 16:00:00,2012-04-22 16:00:00
0,126.59437500000001,2012-03-29 15:00:00,2012-04-01 15:00:00
0,126.59437500000001,2012-04-12 14:00:00,2012-04-15 14:00:00
0,126.59437500000001,2012-04-24 22:00:00,2012-04-29 22:00:00
0,128.65142857142857,2012-03-23 08:00:00,2012-03-29 08:00:00
0,129.58692307692309,2012-03-07 21:00:00,2012-03-14 21:00:00
0,129.58692307692309,2012-03-16 07:00:00,2012-03-22 07:00:00
0,130.47526315789474,2012-03-08 02:00:00,2012-03-12 02:00:00
0,130.47526315789474,2012-03-26 13:00:00,2012-03-27 13:00:00
0,100.45,2012-06-21 17:00:00,2012-06-28 17:00:00
0,101.23333333333333,2012-06-26 01:00:00,2012-06-28 01:00:00
0,104.08999999999999,2012-06-04 02:00:00,2012-06-20 02:00:00
0,105.21727272727274,2012-06-12 22:00:00,2012-06-19 22:00:00
0,106.19285714285716,2012-06-19 13:00:00,2012-06-19 13:00:00
0,107.21428571428571,2012-06-05 17:00:00,2012-06-07 17:00:00
0,113.31,2012-05-24 15:00:00,2012-05-29 15:00:00
0,114.17666666666666,2012-05-18 17:00:00,2012-05-22 17:00:00
0,115.26714285714287,2012-05-16 16:00:00,2012-05-17 16:00:00
0,117.2,2012-05-14 10:00:00,2012-05-15 10:00:00
0,118.76599999999999,2012-05-08 12:00:00,2012-05-13 12:00:00
0,119.46375,2012-05-06 20:00:00,2012-05-07 20:00:00
0,119.46375,2012-05-09 19:00:00,2012-05-10 19:00:00
0,127.51666666666667,2012-04-30 11:00:00,2012-05-02 11:00:00
0,128.20000000000002,2012-05-02 07:00:00,2012-05-02 07:00:00
0,106.67,2012-07-03 04:00:00,2012-08-29 04:00:00
0,109.16,2012-07-04 04:00:00,2012-07-05 04:00:00
0,109.16,2012-07-13 16:00:00,2012-08-29 16:00:00
0,110.05214285714285,2012-07-16 19:00:00,2012-07-24 19:00:00
0,110.05214285714285,2012-07-26 01:00:00,2012-07-31 01:00:00
0,110.925,2012-07-17 12:00:00,2012-07-22 12:00:00
0,111.77,2012-07-27 05:00:00,2012-07-31 05:00:00
0,114.18142857142857,2012-08-06 20:00:00,2012-08-29 20:00:00
0,115.13777777777779,2012-08-07 21:00:00,2012-08-09 21:00:00
0,115.13777777777779,2012-08-13 19:00:00,2012-08-29 19:00:00
0,116.465,2012-08-15 16:00:00,2012-08-29 16:00:00
0,117.39583333333333,2012-08-17 01:00:00,2012-08-27 01:00:00
0,117.39583333333333,2012-08-28 02:00:00,2012-08-29 02:00:00
0,106.4225,2012-10-24 12:00:00,2012-10-30 12:00:00
0,109.61749999999999,2012-10-03 16:00:00,2012-10-22 16:00:00
0,111.19555555555556,2012-10-09 04:00:00,2012-10-22 04:00:00
0,112.72777777777777,2012-09-20 02:00:00,2012-09-25 02:00:00
0,112.72777777777777,2012-09-30 23:00:00,2012-10-02 23:00:00
0,112.72777777777777,2012-10-10 06:00:00,2012-10-15 06:00:00
0,113.412,2012-09-20 10:00:00,2012-09-23 10:00:00
0,113.412,2012-10-01 17:00:00,2012-10-02 17:00:00
0,113.412,2012-10-11 19:00:00,2012-10-11 19:00:00
0,113.412,2012-10-16 13:00:00,2012-10-17 13:00:00
0,116.23833333333333,2012-08-30 12:00:00,2012-09-18 12:00:00
0,117.18333333333334,2012-09-10 10:00:00,2012-09-18 10:00:00
0,118.07555555555557,2012-09-11 13:00:00,2012-09-17 13:00:00
0,105.84083333333332,2012-11-05 04:00:00,2013-01-02 04:00:00
0,106.58052631578947,2012-11-16 06:00:00,2012-12-10 06:00:00
0,106.58052631578947,2012-12-11 19:00:00,2013-01-01 19:00:00
0,107.34882352941177,2012-10-31 10:00:00,2012-11-02 10:00:00
0,107.34882352941177,2012-11-14 20:00:00,2012-11-14 20:00:00
0,107.34882352941177,2012-11-16 16:00:00,2012-11-27 16:00:00
0,108.2036842105263,2012-11-26 05:00:00,2012-11-27 05:00:00
0,108.2036842105263,2012-11-29 23:00:00,2012-12-05 23:00:00
0,108.2036842105263,2012-12-17 14:00:00,2013-01-01 14:00:00
0,109.12666666666667,2012-12-03 05:00:00,2012-12-04 05:00:00
0,109.12666666666667,2012-12-19 09:00:00,2012-12-21 09:00:00
0,109.8475,2012-12-20 02:00:00,2012-12-20 02:00:00
0,110.67999999999999,2012-12-26 13:00:00,2012-12-30 13:00:00
0,109.17500000000001,2013-03-01 14:00:00,2013-03-04 14:00:00
0,111.80909090909091,2013-01-04 06:00:00,2013-02-25 06:00:00
0,111.80909090909091,2013-02-27 10:00:00,2013-02-28 10:00:00
0,112.906875,2013-01-02 13:00:00,2013-01-03 13:00:00
0,112.906875,2013-01-04 12:00:00,2013-02-20 12:00:00
0,113.73499999999999,2013-01-10 11:00:00,2013-01-10 11:00:00
0,113.73499999999999,2013-01-14 04:00:00,2013-01-16 04:00:00
0,113.73499999999999,2013-01-17 00:00:00,2013-02-21 00:00:00
0,115.226,2013-01-17 19:00:00,2013-02-19 19:00:00
0,116.11599999999999,2013-01-22 16:00:00,2013-01-22 16:00:00
0,116.11599999999999,2013-01-29 07:00:00,2013-02-06 07:00:00
0,116.88714285714286,2013-01-29 14:00:00,2013-02-03 14:00:00
0,116.88714285714286,2013-02-12 12:00:00,2013-02-14 12:00:00
0,106.33625,2013-04-18 10:00:00,2013-05-06 10:00:00
0,111.18894736842105,2013-03-12 04:00:00,2013-04-12 04:00:00
0,111.18894736842105,2013-04-26 01:00:00,2013-05-01 01:00:00
0,111.90466666666666,2013-03-12 16:00:00,2013-03-12 16:00:00
0,111.90466666666666,2013-04-08 20:00:00,2013-04-11 20:00:00
0,112.71923076923078,2013-03-24 19:00:00,2013-04-03 19:00:00
0,112.71923076923078,2013-04-09 17:00:00,2013-04-10 17:00:00
0,114.95750000000001,2013-03-26 20:00:00,2013-04-02 20:00:00
0,110.84727272727274,2013-05-15 11:00:00,2013-05-31 11:00:00
0,110.84727272727274,2013-06-04 00:00:00,2013-07-05 00:00:00
0,111.67571428571428,2013-05-24 01:00:00,2013-05-29 01:00:00
0,112.52923076923078,2013-05-28 21:00:00,2013-05-28 21:00:00
0,112.52923076923078,2013-06-06 08:00:00,2013-06-21 08:00:00
0,113.62,2013-05-07 02:00:00,2013-05-10 02:00:00
0,113.62,2013-05-17 00:00:00,2013-05-22 00:00:00
0,113.62,2013-06-13 04:00:00,2013-06-20 04:00:00
0,114.36333333333334,2013-05-08 12:00:00,2013-05-09 12:00:00
0,118.88999999999999,2013-07-03 06:00:00,2013-07-04 06:00:00
0,120.69166666666666,2013-07-08 10:00:00,2013-09-04 10:00:00
0,122.35384615384616,2013-07-11 12:00:00,2013-07-29 12:00:00
0,123.22874999999999,2013-07-14 21:00:00,2013-07-24 21:00:00
0,123.22874999999999,2013-08-22 20:00:00,2013-08-22 20:00:00
0,124.05625000000002,2013-07-17 23:00:00,2013-07-23 23:00:00
0,124.05625000000002,2013-08-04 21:00:00,2013-08-05 21:00:00
0,124.05625000000002,2013-08-12 21:00:00,2013-08-19 21:00:00
0,124.05625000000002,2013-08-23 16:00:00,2013-09-04 16:00:00
0,125.00052631578946,2013-08-14 23:00:00,2013-08-19 23:00:00
0,127.1425,2013-08-27 16:00:00,2013-08-29 16:00:00
0,112.91000000000001,2013-11-04 00:00:00,2013-11-05 00:00:00
0,114.82571428571428,2013-10-23 10:00:00,2013-10-31 10:00:00
0,115.86428571428571,2013-10-25 03:00:00,2013-10-30 03:00:00
0,116.6525,2013-10-28 21:00:00,2013-10-28 21:00:00
0,118.14333333333332,2013-10-21 08:00:00,2013-10-22 08:00:00
0,119.60555555555555,2013-10-11 10:00:00,2013-10-20 10:00:00
0,120.36857142857143,2013-09-30 01:00:00,2013-10-11 01:00:00
0,120.36857142857143,2013-10-13 20:00:00,2013-10-14 20:00:00
0,121.28428571428572,2013-09-25 21:00:00,2013-09-28 21:00:00
0,122.01299999999999,2013-10-03 03:00:00,2013-10-07 03:00:00
0,123.29,2013-09-17 13:00:00,2013-09-22 13:00:00
0,124.11500000000001,2013-09-16 08:00:00,2013-09-17 08:00:00
0,125.40777777777778,2013-09-10 23:00:00,2013-09-15 23:00:00
0,126.36333333333334,2013-09-05 21:00:00,2013-09-09 21:00:00
0,128.07000000000002,2013-09-08 20:00:00,2013-09-08 20:00:00
0,111.06444444444443,2013-11-19 01:00:00,2013-11-27 01:00:00
0,111.06444444444443,2013-12-01 19:00:00,2014-01-07 19:00:00
0,111.6575,2013-11-12 19:00:00,2013-11-24 19:00:00
0,111.6575,2013-12-03 00:00:00,2014-01-06 00:00:00
0,112.54785714285713,2013-11-06 02:00:00,2013-11-12 02:00:00
0,113.14375,2013-11-11 14:00:00,2013-11-11 14:00:00
0,114.73333333333332,2013-12-04 10:00:00,2014-01-02 10:00:00
0,115.29230769230769,2013-12-05 02:00:00,2013-12-13 02:00:00
0,116.36416666666668,2013-12-19 16:00:00,2014-01-01 16:00:00
0,116.91499999999999,2013-12-26 15:00:00,2013-12-30 15:00:00
0,117.77,2013-12-27 16:00:00,2013-12-29 16:00:00
0,109.598,2014-01-09 13:00:00,2014-03-10 13:00:00
0,111.59,2014-01-15 22:00:00,2014-01-19 22:00:00
0,114.19500000000001,2014-01-22 23:00:00,2014-01-26 23:00:00
0,114.19500000000001,2014-01-28 20:00:00,2014-03-10 20:00:00
0,114.98166666666664,2014-01-30 02:00:00,2014-02-02 02:00:00
0,114.98166666666664,2014-02-04 21:00:00,2014-03-10 21:00:00
0,117.24166666666666,2014-02-10 05:00:00,2014-03-10 05:00:00
0,117.90375,2014-02-17 06:00:00,2014-03-10 06:00:00
0,118.70333333333333,2014-03-05 17:00:00,2014-03-05 17:00:00
0,119.76769230769233,2014-02-18 22:00:00,2014-02-24 22:00:00
0,119.76769230769233,2014-02-26 01:00:00,2014-03-05 01:00:00
0,119.76769230769233,2014-03-06 21:00:00,2014-03-09 21:00:00
0,120.40666666666668,2014-02-20 01:00:00,2014-02-21 01:00:00
0,120.40666666666668,2014-02-28 16:00:00,2014-03-04 16:00:00
0,121.41000000000001,2014-03-02 22:00:00,2014-03-03 22:00:00
0,115.71,2014-03-12 13:00:00,2014-05-12 13:00:00
0,117.06375,2014-03-18 21:00:00,2014-05-11 21:00:00
0,117.95999999999997,2014-03-23 20:00:00,2014-05-11 20:00:00
0,118.94307692307694,2014-04-04 00:00:00,2014-05-01 00:00:00
0,118.94307692307694,2014-05-02 02:00:00,2014-05-12 02:00:00
0,119.88222222222223,2014-03-27 19:00:00,2014-03-31 19:00:00
0,119.88222222222223,2014-04-08 11:00:00,2014-04-29 11:00:00
0,119.88222222222223,2014-05-07 09:00:00,2014-05-12 09:00:00
0,120.82714285714285,2014-04-09 04:00:00,2014-04-25 04:00:00
0,121.6590909090909,2014-04-10 00:00:00,2014-04-23 00:00:00
0,122.53,2014-04-17 00:00:00,2014-04-22 00:00:00
0,121.31,2014-05-13 20:00:00,2014-07-10 20:00:00
0,122.185,2014-05-19 11:00:00,2014-06-04 11:00:00
0,122.185,2014-06-05 21:00:00,2014-07-10 21:00:00
0,122.88428571428572,2014-05-20 21:00:00,2014-05-28 21:00:00
0,123.98304347826088,2014-05-21 17:00:00,2014-05-27 17:00:00
0,123.98304347826088,2014-06-10 14:00:00,2014-07-08 14:00:00
0,125.90941176470588,2014-06-12 11:00:00,2014-06-30 11:00:00
0,126.64923076923077,2014-06-13 00:00:00,2014-06-17 00:00:00
0,116.54538461538462,2014-08-19 14:00:00,2014-09-07 14:00:00
0,116.54538461538462,2014-09-08 20:00:00,2014-09-09 20:00:00
0,117.20750000000002,2014-08-14 16:00:00,2014-08-18 16:00:00
0,117.20750000000002,2014-08-26 13:00:00,2014-09-02 13:00:00
0,118.32571428571428,2014-08-05 14:00:00,2014-08-13 14:00:00
0,118.32571428571428,2014-09-04 03:00:00,2014-09-05 03:00:00
0,118.96533333333335,2014-07-31 19:00:00,2014-08-05 19:00:00
0,118.96533333333335,2014-08-07 20:00:00,2014-08-11 20:00:00
0,118.96533333333335,2014-08-31 19:00:00,2014-09-01 19:00:00
0,120.9342857142857,2014-07-11 16:00:00,2014-07-14 16:00:00
0,122.51285714285714,2014-07-17 11:00:00,2014-07-30 11:00:00
0,123.30555555555556,2014-07-18 11:00:00,2014-07-24 11:00:00
0,102.58166666666666,2014-11-05 03:00:00,2014-11-11 03:00:00
0,105.50111111111111,2014-10-15 05:00:00,2014-10-16 05:00:00
0,105.50111111111111,2014-10-22 22:00:00,2014-11-02 22:00:00
0,109.548,2014-10-12 20:00:00,2014-10-13 20:00:00
0,112.20666666666666,2014-10-08 04:00:00,2014-10-09 04:00:00
0,113.90999999999998,2014-10-02 07:00:00,2014-10-07 07:00:00
0,115.91846153846153,2014-09-16 04:00:00,2014-10-02 04:00:00
0,116.474,2014-09-18 17:00:00,2014-09-18 17:00:00
0,117.4557142857143,2014-09-26 05:00:00,2014-09-30 05:00:00
0,72.5025,2015-01-07 04:00:00,2015-01-12 04:00:00
0,78.296,2014-12-29 14:00:00,2014-12-30 14:00:00
0,80.099,2014-12-16 22:00:00,2014-12-28 22:00:00
0,90.69333333333333,2014-12-05 11:00:00,2014-12-07 11:00:00
0,92.69200000000001,2014-12-02 10:00:00,2014-12-03 10:00:00
0,99.23599999999999,2014-11-14 03:00:00,2014-11-26 03:00:00
0,100.25,2014-11-14 12:00:00,2014-11-18 12:00:00
0,68.095,2015-01-29 12:00:00,2015-03-15 12:00:00
0,69.24444444444444,2015-01-25 19:00:00,2015-01-28 19:00:00
0,69.24444444444444,2015-01-29 17:00:00,2015-03-15 17:00:00
0,71.06199999999998,2015-01-15 19:00:00,2015-01-22 19:00:00
0,71.77,2015-01-16 03:00:00,2015-01-22 03:00:00
0,72.63333333333334,2015-02-05 02:00:00,2015-03-11 02:00:00
0,73.32833333333333,2015-03-06 14:00:00,2015-03-09 14:00:00
0,74.20785714285714,2015-02-11 23:00:00,2015-02-22 23:00:00
0,74.20785714285714,2015-03-02 20:00:00,2015-03-02 20:00:00
0,76.81142857142856,2015-02-06 15:00:00,2015-02-09 15:00:00
0,69.2575,2015-03-24 03:00:00,2015-05-18 03:00:00
0,72.81777777777776,2015-04-07 09:00:00,2015-04-09 09:00:00
0,73.735,2015-04-12 20:00:00,2015-05-18 20:00:00
0,77.43714285714285,2015-04-16 08:00:00,2015-04-21 08:00:00
0,77.43714285714285,2015-04-24 11:00:00,2015-04-27 11:00:00
0,78.17428571428572,2015-04-16 16:00:00,2015-04-16 16:00:00
0,79.39933333333333,2015-04-29 20:00:00,2015-05-18 20:00:00
0,80.23636363636363,2015-05-12 10:00:00,2015-05-14 10:00:00
0,81.02666666666669,2015-05-12 15:00:00,2015-05-13 15:00:00
0,70.06,2015-07-07 11:00:00,2015-07-19 11:00:00
0,71.04777777777778,2015-07-08 21:00:00,2015-07-13 21:00:00
0,73.84,2015-07-05 20:00:00,2015-07-05 20:00:00
0,76.08200000000002,2015-05-28 11:00:00,2015-07-03 11:00:00
0,77.53928571428571,2015-05-19 14:00:00,2015-05-27 14:00:00
0,77.53928571428571,2015-05-29 02:00:00,2015-07-01 02:00:00
0,78.35777777777778,2015-06-09 00:00:00,2015-06-29 00:00:00
0,79.31416666666667,2015-05-21 09:00:00,2015-05-26 09:00:00
0,79.31416666666667,2015-06-01 05:00:00,2015-06-04 05:00:00
0,79.31416666666667,2015-06-15 14:00:00,2015-06-16 14:00:00
0,79.31416666666667,2015-06-23 00:00:00,2015-06-26 00:00:00
0,80.09583333333333,2015-06-18 11:00:00,2015-06-18 11:00:00
0,57.66600000000001,2015-08-25 22:00:00,2015-08-25 22:00:00
0,58.88000000000001,2015-08-20 06:00:00,2015-08-23 06:00:00
0,60.92272727272727,2015-08-13 20:00:00,2015-08-18 20:00:00
0,62.21,2015-08-10 02:00:00,2015-08-13 02:00:00
0,62.21,2015-08-31 10:00:00,2015-09-17 10:00:00
0,62.97416666666667,2015-09-07 13:00:00,2015-09-09 13:00:00
0,62.97416666666667,2015-09-10 09:00:00,2015-09-14 09:00:00
0,64.74833333333333,2015-08-04 15:00:00,2015-08-04 15:00:00
0,65.74,2015-07-27 17:00:00,2015-08-02 17:00:00
0,66.606,2015-07-28 19:00:00,2015-07-30 19:00:00
0,67.79285714285713,2015-07-22 16:00:00,2015-07-23 16:00:00
0,58.958000000000006,2015-11-16 22:00:00,2015-11-16 22:00:00
0,60.49,2015-10-27 13:00:00,2015-11-11 13:00:00
0,61.55444444444444,2015-11-06 14:00:00,2015-11-10 14:00:00
0,62.62333333333333,2015-09-23 16:00:00,2015-10-22 16:00:00
0,62.62333333333333,2015-10-29 07:00:00,2015-11-06 07:00:00
0,63.335384615384605,2015-09-18 15:00:00,2015-09-22 15:00:00
0,63.335384615384605,2015-09-24 22:00:00,2015-09-27 22:00:00
0,63.335384615384605,2015-09-30 08:00:00,2015-10-02 08:00:00
0,63.335384615384605,2015-10-04 19:00:00,2015-10-20 19:00:00
0,63.335384615384605,2015-10-29 19:00:00,2015-11-04 19:00:00
0,64.06058823529412,2015-10-05 08:00:00,2015-10-15 08:00:00
0,64.06058823529412,2015-10-16 11:00:00,2015-10-20 11:00:00
0,64.06058823529412,2015-11-04 14:00:00,2015-11-04 14:00:00
0,65.115,2015-10-12 15:00:00,2015-10-13 15:00:00
0,65.96000000000001,2015-10-06 14:00:00,2015-10-12 14:00:00
0,44.2575,2016-01-15 13:00:00,2016-01-19 13:00:00
0,45.808571428571426,2016-01-12 03:00:00,2016-01-15 03:00:00
0,47.81999999999999,2016-01-07 03:00:00,2016-01-11 03:00:00
0,51.28230769230769,2015-12-14 08:00:00,2015-12-21 08:00:00
0,51.28230769230769,2015-12-22 08:00:00,2016-01-05 08:00:00
0,52.016666666666666,2015-12-23 05:00:00,2015-12-31 05:00:00
0,52.016666666666666,2015-12-31 16:00:00,2016-01-04 16:00:00
0,53.049090909090914,2015-12-08 09:00:00,2015-12-11 09:00:00
0,53.049090909090914,2015-12-15 08:00:00,2015-12-16 08:00:00
0,56.694285714285705,2015-11-23 05:00:00,2015-12-06 05:00:00
0,58.09,2015-11-18 13:00:00,2015-11-22 13:00:00
0,58.09,2015-11-23 15:00:00,2015-12-01 15:00:00
0,58.75333333333333,2015-11-24 06:00:00,2015-11-25 06:00:00
0,42.434000000000005,2016-01-21 08:00:00,2016-02-10 08:00:00
0,43.54,2016-02-12 16:00:00,2016-02-23 16:00:00
0,44.35769230769232,2016-02-03 01:00:00,2016-02-09 01:00:00
0,45.15899999999999,2016-02-17 15:00:00,2016-02-18 15:00:00
0,46.06166666666667,2016-02-04 08:00:00,2016-02-05 08:00:00
0,46.06166666666667,2016-02-29 21:00:00,2016-03-21 21:00:00
0,46.843,2016-01-28 07:00:00,2016-02-01 07:00:00
0,47.61333333333334,2016-01-28 21:00:00,2016-01-31 21:00:00
0,48.5625,2016-03-07 04:00:00,2016-03-15 04:00:00
0,49.552,2016-03-07 22:00:00,2016-03-07 22:00:00
0,51.2325,2016-03-17 02:00:00,2016-03-22 02:00:00
0,48.68222222222222,2016-03-29 11:00:00,2016-03-31 11:00:00
0,50.6125,2016-04-18 15:00:00,2016-05-23 15:00:00
0,52.48266666666667,2016-04-21 14:00:00,2016-04-25 14:00:00
0,52.48266666666667,2016-05-03 14:00:00,2016-05-23 14:00:00
0,53.246,2016-04-26 15:00:00,2016-05-02 15:00:00
0,53.246,2016-05-05 15:00:00,2016-05-08 15:00:00
0,54.1575,2016-04-28 02:00:00,2016-05-03 02:00:00
0,55.1525,2016-05-11 20:00:00,2016-05-23 20:00:00
0,56.098,2016-05-15 20:00:00,2016-05-23 20:00:00
0,57.14375,2016-05-16 20:00:00,2016-05-18 20:00:00
0,51.644000000000005,2016-07-21 16:00:00,2016-07-21 16:00:00
0,52.88916666666666,2016-07-10 22:00:00,2016-07-19 22:00:00
0,54.313,2016-06-16 17:00:00,2016-07-06 17:00:00
0,54.313,2016-07-15 14:00:00,2016-07-17 14:00:00
0,56.45636363636363,2016-06-01 10:00:00,2016-06-15 10:00:00
0,56.45636363636363,2016-06-28 21:00:00,2016-07-04 21:00:00
0,57.29449999999999,2016-05-25 12:00:00,2016-05-31 12:00:00
0,57.29449999999999,2016-06-01 21:00:00,2016-06-13 21:00:00
0,57.29449999999999,2016-06-20 02:00:00,2016-06-22 02:00:00
0,58.02866666666666,2016-05-25 20:00:00,2016-05-26 20:00:00
0,58.02866666666666,2016-05-30 05:00:00,2016-05-31 05:00:00
0,58.02866666666666,2016-06-06 07:00:00,2016-06-10 07:00:00
0,59.012,2016-06-07 12:00:00,2016-06-09 12:00:00
0,47.12,2016-08-01 14:00:00,2016-09-22 14:00:00
0,48.435714285714276,2016-07-28 20:00:00,2016-07-31 20:00:00
0,48.435714285714276,2016-08-03 23:00:00,2016-09-21 23:00:00
0,49.236,2016-07-27 12:00:00,2016-07-28 12:00:00
0,49.236,2016-08-05 02:00:00,2016-08-10 02:00:00
0,50.080588235294115,2016-07-26 08:00:00,2016-07-27 08:00:00
0,50.080588235294115,2016-08-08 16:00:00,2016-08-09 16:00:00
0,50.080588235294115,2016-09-01 14:00:00,2016-09-19 14:00:00
0,51.708461538461535,2016-08-14 20:00:00,2016-08-31 20:00:00
0,51.708461538461535,2016-09-06 20:00:00,2016-09-13 20:00:00
0,53.51,2016-08-16 10:00:00,2016-08-30 10:00:00
0,50.428333333333335,2016-09-23 14:00:00,2016-11-03 14:00:00
0,50.428333333333335,2016-11-07 12:00:00,2016-11-08 12:00:00
0,50.428333333333335,2016-11-09 10:00:00,2016-11-10 10:00:00
0,52.022000000000006,2016-10-31 16:00:00,2016-11-01 16:00:00
0,53.786249999999995,2016-10-02 20:00:00,2016-10-30 20:00:00
0,54.73083333333333,2016-10-03 11:00:00,2016-10-28 11:00:00
0,55.56600000000001,2016-10-05 00:00:00,2016-10-25 00:00:00
0,56.297647058823536,2016-10-06 12:00:00,2016-10-07 12:00:00
0,56.297647058823536,2016-10-13 10:00:00,2016-10-17 10:00:00
0,56.297647058823536,2016-10-18 12:00:00,2016-10-23 12:00:00
0,52.902,2016-11-23 10:00:00,2016-11-24 10:00:00
0,54.887142857142855,2016-12-01 04:00:00,2017-01-25 04:00:00
0,55.687894736842104,2016-12-01 16:00:00,2016-12-06 16:00:00
0,55.687894736842104,2016-12-15 10:00:00,2017-01-10 10:00:00
0,55.687894736842104,2017-01-18 10:00:00,2017-01-25 10:00:00
0,56.36758620689654,2016-12-04 22:00:00,2016-12-05 22:00:00
0,56.36758620689654,2016-12-19 09:00:00,2017-01-09 09:00:00
0,56.36758620689654,2017-01-12 00:00:00,2017-01-18 00:00:00
0,56.36758620689654,2017-01-23 16:00:00,2017-01-24 16:00:00
0,57.36999999999999,2016-12-12 16:00:00,2016-12-13 16:00:00
0,57.36999999999999,2016-12-20 01:00:00,2016-12-21 01:00:00
0,57.36999999999999,2016-12-27 01:00:00,2017-01-03 01:00:00
0,57.36999999999999,2017-01-04 15:00:00,2017-01-08 15:00:00
0,57.84571428571429,2016-12-29 02:00:00,2016-12-30 02:00:00
0,50.12833333333333,2017-03-14 10:00:00,2017-03-28 10:00:00
0,50.955384615384624,2017-03-12 20:00:00,2017-03-13 20:00:00
0,50.955384615384624,2017-03-14 21:00:00,2017-03-21 21:00:00
0,51.593333333333334,2017-03-16 02:00:00,2017-03-20 02:00:00
0,56.00875,2017-01-26 06:00:00,2017-02-07 06:00:00
0,56.00875,2017-02-09 08:00:00,2017-03-02 08:00:00
0,56.00875,2017-03-03 00:00:00,2017-03-08 00:00:00
0,56.77166666666667,2017-02-01 12:00:00,2017-02-06 12:00:00
0,56.77166666666667,2017-02-10 15:00:00,2017-02-12 15:00:00
0,56.77166666666667,2017-02-17 07:00:00,2017-02-28 07:00:00
0,47.74166666666667,2017-05-05 09:00:00,2017-05-30 09:00:00
0,49.82750000000001,2017-05-02 15:00:00,2017-05-03 15:00:00
0,49.82750000000001,2017-05-11 09:00:00,2017-05-30 09:00:00
0,50.794999999999995,2017-03-29 09:00:00,2017-05-02 09:00:00
0,51.337500000000006,2017-03-29 23:00:00,2017-04-24 23:00:00
0,52.584736842105265,2017-03-31 06:00:00,2017-04-21 06:00:00
0,52.584736842105265,2017-05-19 14:00:00,2017-05-24 14:00:00
0,53.20285714285715,2017-05-23 19:00:00,2017-05-23 19:00:00
0,54.31375,2017-04-06 15:00:00,2017-04-18 15:00:00
0,55.11727272727273,2017-04-09 23:00:00,2017-04-17 23:00:00
0,44.031666666666666,2017-06-21 14:00:00,2017-07-30 14:00:00
0,44.78125,2017-06-20 11:00:00,2017-06-21 11:00:00
0,45.622,2017-06-15 17:00:00,2017-06-19 17:00:00
0,45.622,2017-06-28 04:00:00,2017-07-10 04:00:00
0,46.41368421052632,2017-06-14 12:00:00,2017-06-15 12:00:00
0,46.41368421052632,2017-06-16 12:00:00,2017-06-19 12:00:00
0,46.41368421052632,2017-06-28 20:00:00,2017-07-06 20:00:00
0,46.41368421052632,2017-07-12 12:00:00,2017-07-30 12:00:00
0,47.450666666666656,2017-06-07 17:00:00,2017-06-07 17:00:00
0,47.450666666666656,2017-06-08 16:00:00,2017-06-08 16:00:00
0,47.450666666666656,2017-06-09 09:00:00,2017-06-14 09:00:00
0,47.450666666666656,2017-07-02 21:00:00,2017-07-04 21:00:00
0,47.450666666666656,2017-07-13 14:00:00,2017-07-20 14:00:00
0,48.31545454545455,2017-06-02 06:00:00,2017-06-07 06:00:00
0,48.31545454545455,2017-07-19 17:00:00,2017-07-20 17:00:00
0,49.91833333333333,2017-05-31 15:00:00,2017-06-01 15:00:00
0,47.058,2017-08-28 13:00:00,2017-09-28 13:00:00
0,48.076153846153844,2017-08-15 10:00:00,2017-08-28 10:00:00
0,48.076153846153844,2017-09-01 06:00:00,2017-09-28 06:00:00
0,48.89052631578948,2017-08-11 01:00:00,2017-08-15 01:00:00
0,48.89052631578948,2017-08-22 13:00:00,2017-08-23 13:00:00
0,48.89052631578948,2017-09-12 01:00:00,2017-09-28 01:00:00
0,49.9145,2017-08-01 13:00:00,2017-08-10 13:00:00
0,49.9145,2017-09-05 23:00:00,2017-09-07 23:00:00
0,50.655499999999996,2017-09-14 16:00:00,2017-09-28 16:00:00
0,52.385714285714286,2017-09-25 21:00:00,2017-09-27 21:00:00
0,50.167,2017-10-03 23:00:00,2017-10-05 23:00:00
0,51.139,2017-10-10 15:00:00,2017-11-28 15:00:00
0,52.05789473684211,2017-10-15 22:00:00,2017-10-19 22:00:00
0,52.05789473684211,2017-10-20 13:00:00,2017-11-28 13:00:00
0,54.27625,2017-10-30 01:00:00,2017-11-29 01:00:00
0,55.23199999999999,2017-11-02 23:00:00,2017-11-28 23:00:00
0,56.23333333333334,2017-11-20 12:00:00,2017-11-28 12:00:00
0,57.05882352941177,2017-11-06 20:00:00,2017-11-13 20:00:00
0,57.730000000000004,2017-11-22 01:00:00,2017-11-29 01:00:00
0,58.586,2017-11-23 20:00:00,2017-11-26 20:00:00
0,56.36428571428572,2017-12-06 16:00:00,2018-01-01 16:00:00
0,57.397916666666674,2017-11-29 20:00:00,2017-12-05 20:00:00
0,57.397916666666674,2017-12-08 10:00:00,2017-12-13 10:00:00
0,57.397916666666674,2017-12-14 20:00:00,2018-01-01 20:00:00
0,58.157000000000004,2017-12-21 21:00:00,2018-01-01 21:00:00
0,59.73625,2017-12-27 08:00:00,2018-01-01 08:00:00
